[
{
    "model": "auth.user",
    "pk": 1,
    "fields": {
        "password": "pbkdf2_sha256$36000$Y3fW2P6JnlKF$68zCI+AVmNrE9MzGl6NQ8UW44QBcHJiKL0I//sZgnQg=",
        "last_login": "2017-12-03T21:04:37.576Z",
        "is_superuser": true,
        "username": "prob_solv",
        "first_name": "Nigel",
        "last_name": "Hardy",
        "email": "nhardy@csumb.edu",
        "is_staff": true,
        "is_active": true,
        "date_joined": "2017-11-01T00:11:21.286Z",
        "groups": [],
        "user_permissions": []
    }
},
{
    "model": "auth.user",
    "pk": 2,
    "fields": {
        "password": "pbkdf2_sha256$36000$NtyxLvP31wQ5$aCxL8EnpRBVQu8IRUrqX+MoC8T2tqznzfYl+0dwt4ro=",
        "last_login": "2017-12-03T04:24:55.816Z",
        "is_superuser": false,
        "username": "test_user",
        "first_name": "",
        "last_name": "",
        "email": "",
        "is_staff": false,
        "is_active": true,
        "date_joined": "2017-11-04T18:30:51.089Z",
        "groups": [],
        "user_permissions": []
    }
},
{
    "model": "auth.user",
    "pk": 3,
    "fields": {
        "password": "pbkdf2_sha256$36000$Iyq1gJ5pxgmu$MFVnm5GV6EeWnA1vNU2kJMfR7H1IXHVIZe77eLWluAA=",
        "last_login": null,
        "is_superuser": false,
        "username": "first",
        "first_name": "",
        "last_name": "",
        "email": "",
        "is_staff": false,
        "is_active": true,
        "date_joined": "2017-11-15T01:45:32.698Z",
        "groups": [],
        "user_permissions": []
    }
},
{
    "model": "auth.user",
    "pk": 4,
    "fields": {
        "password": "pbkdf2_sha256$36000$BBifB8PbeYED$RDQ1DBZ7aMU5kjieSsQPk6i10hn6a4aUwX7LKzhp80U=",
        "last_login": null,
        "is_superuser": false,
        "username": "second",
        "first_name": "",
        "last_name": "",
        "email": "",
        "is_staff": false,
        "is_active": true,
        "date_joined": "2017-11-15T01:47:47.368Z",
        "groups": [],
        "user_permissions": []
    }
},
{
    "model": "auth.user",
    "pk": 5,
    "fields": {
        "password": "pbkdf2_sha256$36000$RoivlddmAOYb$ZFnQ4fEdjkcIqOdHyk+thIS9EmKSa5qfDlLDBi3qob8=",
        "last_login": null,
        "is_superuser": false,
        "username": "concatstern",
        "first_name": "",
        "last_name": "",
        "email": "",
        "is_staff": false,
        "is_active": true,
        "date_joined": "2017-11-15T01:48:27.472Z",
        "groups": [],
        "user_permissions": []
    }
},
{
    "model": "auth.user",
    "pk": 6,
    "fields": {
        "password": "pbkdf2_sha256$36000$oo0h4inMuBYo$PAGAvsIMa6U98781lxWGdykn6o5pzcLkVam4yazypos=",
        "last_login": null,
        "is_superuser": false,
        "username": "annoyednotebook",
        "first_name": "",
        "last_name": "",
        "email": "",
        "is_staff": false,
        "is_active": true,
        "date_joined": "2017-11-15T01:48:56.552Z",
        "groups": [],
        "user_permissions": []
    }
},
{
    "model": "auth.user",
    "pk": 11,
    "fields": {
        "password": "pbkdf2_sha256$36000$Klyj3fh0uSqP$62UrpcfQyZujQYFPaLYqUNM2xJF6K50xfGVILZo3OA4=",
        "last_login": "2017-11-26T21:29:48.634Z",
        "is_superuser": false,
        "username": "Nigel",
        "first_name": "",
        "last_name": "",
        "email": "",
        "is_staff": false,
        "is_active": true,
        "date_joined": "2017-11-24T21:00:08.547Z",
        "groups": [],
        "user_permissions": []
    }
},
{
    "model": "auth.user",
    "pk": 13,
    "fields": {
        "password": "pbkdf2_sha256$36000$gda4z0oJUibS$lVrs/Vpz2iREVdSropqfbAzCfaeqk2aXFmYdostbNQo=",
        "last_login": "2017-11-26T06:52:18.949Z",
        "is_superuser": false,
        "username": "TonyTheTiger",
        "first_name": "",
        "last_name": "",
        "email": "nhardy@csumb.edu",
        "is_staff": false,
        "is_active": true,
        "date_joined": "2017-11-26T02:34:37.711Z",
        "groups": [],
        "user_permissions": []
    }
},
{
    "model": "auth.user",
    "pk": 14,
    "fields": {
        "password": "!MhWvzdy9ZNexMSboay0BZg8ac1UaLbAwtjJykand",
        "last_login": "2017-12-03T20:40:35.827Z",
        "is_superuser": false,
        "username": "mgorbea",
        "first_name": "Meya",
        "last_name": "Gorbea",
        "email": "mgorbea@csumb.edu",
        "is_staff": false,
        "is_active": true,
        "date_joined": "2017-12-03T20:19:08.421Z",
        "groups": [],
        "user_permissions": []
    }
},
{
    "model": "auth.user",
    "pk": 15,
    "fields": {
        "password": "!CNchdZLki5KSF2xahLaPHnGfTcNljpjvaQN5uuCH",
        "last_login": "2017-12-03T20:51:56.351Z",
        "is_superuser": false,
        "username": "gwcmonterey",
        "first_name": "GWC",
        "last_name": "Monterey",
        "email": "gwcmonterey@gmail.com",
        "is_staff": false,
        "is_active": true,
        "date_joined": "2017-12-03T20:51:56.328Z",
        "groups": [],
        "user_permissions": []
    }
},
{
    "model": "auth.user",
    "pk": 16,
    "fields": {
        "password": "!VCtiQDigCBqIi4qPbvXDryaO3DIiRILqHbdfUjyS",
        "last_login": "2017-12-03T20:59:41.938Z",
        "is_superuser": false,
        "username": "manny42g",
        "first_name": "Manuel",
        "last_name": "Gonzalez",
        "email": "manny42g@gmail.com",
        "is_staff": false,
        "is_active": true,
        "date_joined": "2017-12-03T20:59:41.913Z",
        "groups": [],
        "user_permissions": []
    }
},
{
    "model": "problems.problem",
    "pk": 1,
    "fields": {
        "title": "Transparency in Government Spending",
        "owner": [
            "test_user"
        ],
        "created": "2017-11-12T05:06:19Z",
        "isSolved": true,
        "user_solved": null,
        "description": "History of corruption has plagued community, and potentially be solved using technology. Transparency could help keep government officials accountable. Over $55,000 are spend annually, and nearly half is suspected spent on projects influenced by insider deals.",
        "long_description": "History of corruption has plagued community, and potentially be solved using technology. Transparency could help keep government officials accountable. Over $55,000 are spend annually, and nearly half is suspected spent on projects influenced by insider deals.",
        "points": 9,
        "category": 2,
        "image": "/static/images/govt.jpg"
    }
},
{
    "model": "problems.problem",
    "pk": 3,
    "fields": {
        "title": "Problem Title",
        "owner": [
            "first"
        ],
        "created": "2017-11-24T18:47:58Z",
        "isSolved": false,
        "user_solved": null,
        "description": "Sewage is posing a problem and not being disposed of in a sustainable way. We need an engineer and an environmental scientist to help solve our problem.",
        "long_description": "Description not added.",
        "points": 8,
        "category": 4,
        "image": "/static/images/sewage.jpg"
    }
},
{
    "model": "problems.problem",
    "pk": 4,
    "fields": {
        "title": "Problem Title",
        "owner": [
            "concatstern"
        ],
        "created": "2017-11-24T18:48:28Z",
        "isSolved": false,
        "user_solved": null,
        "description": "Sewage is posing a problem and not being disposed of in a sustainable way. We need an engineer and an environmental scientist to help solve our problem.",
        "long_description": "Description not added.",
        "points": 10,
        "category": 1,
        "image": "/static/images/sewage.jpg"
    }
},
{
    "model": "problems.problem",
    "pk": 20,
    "fields": {
        "title": "Problem Title",
        "owner": [
            "prob_solv"
        ],
        "created": "2017-11-27T04:38:30.990Z",
        "isSolved": false,
        "user_solved": null,
        "description": "History of corruption has plagued community, and potentially be solved using technology. Transparency could help keep government officials accountable. Over $55,000 are spend annually, and nearly half is suspected spent on projects influenced by insider deals.",
        "long_description": "Description not added.",
        "points": 9,
        "category": 3,
        "image": "media/_uploads/village_EcRvAKh.jpg"
    }
},
{
    "model": "problems.category",
    "pk": 1,
    "fields": {
        "name": "Engineering"
    }
},
{
    "model": "problems.category",
    "pk": 2,
    "fields": {
        "name": "Business"
    }
},
{
    "model": "problems.category",
    "pk": 3,
    "fields": {
        "name": "Software"
    }
},
{
    "model": "problems.category",
    "pk": 4,
    "fields": {
        "name": "Mathematics"
    }
},
{
    "model": "problems.category",
    "pk": 5,
    "fields": {
        "name": "Education"
    }
},
{
    "model": "problems.solution",
    "pk": 6,
    "fields": {
        "owner": [
            "prob_solv"
        ],
        "likes": 0,
        "problem": null,
        "date": "2017-11-26T00:20:34.386Z",
        "text": "You should use a missile!",
        "isChosen": false
    }
},
{
    "model": "problems.solution",
    "pk": 10,
    "fields": {
        "owner": [
            "prob_solv"
        ],
        "likes": 0,
        "problem": 1,
        "date": "2017-11-26T03:36:53.408Z",
        "text": "Trying making more money.",
        "isChosen": false
    }
},
{
    "model": "problems.solution",
    "pk": 13,
    "fields": {
        "owner": [
            "TonyTheTiger"
        ],
        "likes": 0,
        "problem": 3,
        "date": "2017-11-26T03:50:58.050Z",
        "text": "Pretty nice",
        "isChosen": false
    }
},
{
    "model": "problems.solution",
    "pk": 22,
    "fields": {
        "owner": [
            "Nigel"
        ],
        "likes": 0,
        "problem": 1,
        "date": "2017-11-26T21:27:08.903Z",
        "text": "Try selling real estate",
        "isChosen": true
    }
},
{
    "model": "problems.comment",
    "pk": 2,
    "fields": {
        "owner": [
            "prob_solv"
        ],
        "likes": 1,
        "problem": null,
        "date": "2017-11-12T05:08:58Z",
        "text": "Thanks everybody!",
        "hidden": false
    }
},
{
    "model": "account.organization",
    "pk": 1,
    "fields": {
        "name": "CSUMB",
        "points": 9,
        "rank": 1
    }
},
{
    "model": "account.organization",
    "pk": 2,
    "fields": {
        "name": "Hartnell",
        "points": 0,
        "rank": 2
    }
},
{
    "model": "account.organization",
    "pk": 3,
    "fields": {
        "name": "MPC",
        "points": 0,
        "rank": 2
    }
},
{
    "model": "account.profile",
    "pk": 1,
    "fields": {
        "points": 0,
        "rank": 2,
        "org_rank": 0,
        "organization": 1,
        "image": "media/_uploads/village_nw2WQ3o.jpg",
        "credential": null
    }
},
{
    "model": "account.profile",
    "pk": 2,
    "fields": {
        "points": 0,
        "rank": 2,
        "org_rank": 0,
        "organization": 3,
        "image": "",
        "credential": null
    }
},
{
    "model": "account.profile",
    "pk": 3,
    "fields": {
        "points": 0,
        "rank": 2,
        "org_rank": 0,
        "organization": 2,
        "image": "",
        "credential": null
    }
},
{
    "model": "account.profile",
    "pk": 4,
    "fields": {
        "points": 0,
        "rank": 2,
        "org_rank": 0,
        "organization": 2,
        "image": "",
        "credential": null
    }
},
{
    "model": "account.profile",
    "pk": 5,
    "fields": {
        "points": 0,
        "rank": 2,
        "org_rank": 0,
        "organization": 3,
        "image": "",
        "credential": null
    }
},
{
    "model": "account.profile",
    "pk": 6,
    "fields": {
        "points": 0,
        "rank": 2,
        "org_rank": 0,
        "organization": 1,
        "image": "",
        "credential": null
    }
},
{
    "model": "account.profile",
    "pk": 11,
    "fields": {
        "points": 9,
        "rank": 1,
        "org_rank": 0,
        "organization": 1,
        "image": "",
        "credential": null
    }
},
{
    "model": "account.profile",
    "pk": 13,
    "fields": {
        "points": 0,
        "rank": 2,
        "org_rank": -1,
        "organization": 1,
        "image": "",
        "credential": null
    }
},
{
    "model": "account.profile",
    "pk": 14,
    "fields": {
        "points": 0,
        "rank": 2,
        "org_rank": 0,
        "organization": 1,
        "image": "",
        "credential": "IiI="
    }
},
{
    "model": "admin.logentry",
    "pk": 1,
    "fields": {
        "action_time": "2017-11-02T21:46:37.643Z",
        "user": [
            "prob_solv"
        ],
        "content_type": [
            "auth",
            "user"
        ],
        "object_id": "1",
        "object_repr": "Kids Against Recess",
        "action_flag": 1,
        "change_message": "[{\"added\": {}}]"
    }
},
{
    "model": "admin.logentry",
    "pk": 2,
    "fields": {
        "action_time": "2017-11-04T18:30:51.144Z",
        "user": [
            "prob_solv"
        ],
        "content_type": [
            "social_django",
            "code"
        ],
        "object_id": "2",
        "object_repr": "test_user",
        "action_flag": 1,
        "change_message": "[{\"added\": {}}]"
    }
},
{
    "model": "admin.logentry",
    "pk": 3,
    "fields": {
        "action_time": "2017-11-08T01:36:51.459Z",
        "user": [
            "prob_solv"
        ],
        "content_type": [
            "contenttypes",
            "contenttype"
        ],
        "object_id": "13",
        "object_repr": "MG9 1",
        "action_flag": 3,
        "change_message": ""
    }
},
{
    "model": "admin.logentry",
    "pk": 4,
    "fields": {
        "action_time": "2017-11-08T01:36:51.482Z",
        "user": [
            "prob_solv"
        ],
        "content_type": [
            "contenttypes",
            "contenttype"
        ],
        "object_id": "10",
        "object_repr": "Nigel 1",
        "action_flag": 3,
        "change_message": ""
    }
},
{
    "model": "admin.logentry",
    "pk": 5,
    "fields": {
        "action_time": "2017-11-08T01:36:51.487Z",
        "user": [
            "prob_solv"
        ],
        "content_type": [
            "contenttypes",
            "contenttype"
        ],
        "object_id": "9",
        "object_repr": "Nigel 1",
        "action_flag": 3,
        "change_message": ""
    }
},
{
    "model": "admin.logentry",
    "pk": 6,
    "fields": {
        "action_time": "2017-11-08T01:36:51.492Z",
        "user": [
            "prob_solv"
        ],
        "content_type": [
            "contenttypes",
            "contenttype"
        ],
        "object_id": "8",
        "object_repr": "OTTER23 1",
        "action_flag": 3,
        "change_message": ""
    }
},
{
    "model": "admin.logentry",
    "pk": 7,
    "fields": {
        "action_time": "2017-11-08T01:36:51.496Z",
        "user": [
            "prob_solv"
        ],
        "content_type": [
            "contenttypes",
            "contenttype"
        ],
        "object_id": "7",
        "object_repr": "MG 1",
        "action_flag": 3,
        "change_message": ""
    }
},
{
    "model": "admin.logentry",
    "pk": 8,
    "fields": {
        "action_time": "2017-11-08T01:36:51.500Z",
        "user": [
            "prob_solv"
        ],
        "content_type": [
            "contenttypes",
            "contenttype"
        ],
        "object_id": "6",
        "object_repr": "Nigel 1",
        "action_flag": 3,
        "change_message": ""
    }
},
{
    "model": "admin.logentry",
    "pk": 9,
    "fields": {
        "action_time": "2017-11-08T01:36:51.505Z",
        "user": [
            "prob_solv"
        ],
        "content_type": [
            "contenttypes",
            "contenttype"
        ],
        "object_id": "5",
        "object_repr": "MG 1",
        "action_flag": 3,
        "change_message": ""
    }
},
{
    "model": "admin.logentry",
    "pk": 10,
    "fields": {
        "action_time": "2017-11-08T01:36:51.509Z",
        "user": [
            "prob_solv"
        ],
        "content_type": [
            "contenttypes",
            "contenttype"
        ],
        "object_id": "4",
        "object_repr": "MG 1",
        "action_flag": 3,
        "change_message": ""
    }
},
{
    "model": "admin.logentry",
    "pk": 11,
    "fields": {
        "action_time": "2017-11-08T01:36:51.513Z",
        "user": [
            "prob_solv"
        ],
        "content_type": [
            "contenttypes",
            "contenttype"
        ],
        "object_id": "3",
        "object_repr": "MG 1",
        "action_flag": 3,
        "change_message": ""
    }
},
{
    "model": "admin.logentry",
    "pk": 12,
    "fields": {
        "action_time": "2017-11-08T01:36:51.516Z",
        "user": [
            "prob_solv"
        ],
        "content_type": [
            "contenttypes",
            "contenttype"
        ],
        "object_id": "2",
        "object_repr": "MG 1",
        "action_flag": 3,
        "change_message": ""
    }
},
{
    "model": "admin.logentry",
    "pk": 13,
    "fields": {
        "action_time": "2017-11-08T01:36:51.521Z",
        "user": [
            "prob_solv"
        ],
        "content_type": [
            "contenttypes",
            "contenttype"
        ],
        "object_id": "1",
        "object_repr": "Nigel 1",
        "action_flag": 3,
        "change_message": ""
    }
},
{
    "model": "admin.logentry",
    "pk": 14,
    "fields": {
        "action_time": "2017-11-08T01:44:59.292Z",
        "user": [
            "prob_solv"
        ],
        "content_type": [
            "contenttypes",
            "contenttype"
        ],
        "object_id": "20",
        "object_repr": "manuel 1",
        "action_flag": 3,
        "change_message": ""
    }
},
{
    "model": "admin.logentry",
    "pk": 15,
    "fields": {
        "action_time": "2017-11-08T01:44:59.298Z",
        "user": [
            "prob_solv"
        ],
        "content_type": [
            "contenttypes",
            "contenttype"
        ],
        "object_id": "17",
        "object_repr": "Bertha 1",
        "action_flag": 3,
        "change_message": ""
    }
},
{
    "model": "admin.logentry",
    "pk": 16,
    "fields": {
        "action_time": "2017-11-08T01:47:55.717Z",
        "user": [
            "prob_solv"
        ],
        "content_type": [
            "contenttypes",
            "contenttype"
        ],
        "object_id": "29",
        "object_repr": "asdf 1",
        "action_flag": 3,
        "change_message": ""
    }
},
{
    "model": "admin.logentry",
    "pk": 17,
    "fields": {
        "action_time": "2017-11-08T01:47:55.723Z",
        "user": [
            "prob_solv"
        ],
        "content_type": [
            "contenttypes",
            "contenttype"
        ],
        "object_id": "27",
        "object_repr": "m 1",
        "action_flag": 3,
        "change_message": ""
    }
},
{
    "model": "admin.logentry",
    "pk": 18,
    "fields": {
        "action_time": "2017-11-08T01:47:55.726Z",
        "user": [
            "prob_solv"
        ],
        "content_type": [
            "contenttypes",
            "contenttype"
        ],
        "object_id": "26",
        "object_repr": "Nigel 1",
        "action_flag": 3,
        "change_message": ""
    }
},
{
    "model": "admin.logentry",
    "pk": 19,
    "fields": {
        "action_time": "2017-11-08T01:47:55.729Z",
        "user": [
            "prob_solv"
        ],
        "content_type": [
            "contenttypes",
            "contenttype"
        ],
        "object_id": "25",
        "object_repr": "Nigel 1",
        "action_flag": 3,
        "change_message": ""
    }
},
{
    "model": "admin.logentry",
    "pk": 20,
    "fields": {
        "action_time": "2017-11-08T01:47:55.732Z",
        "user": [
            "prob_solv"
        ],
        "content_type": [
            "contenttypes",
            "contenttype"
        ],
        "object_id": "24",
        "object_repr": "Nigel 1",
        "action_flag": 3,
        "change_message": ""
    }
},
{
    "model": "admin.logentry",
    "pk": 21,
    "fields": {
        "action_time": "2017-11-08T01:47:55.735Z",
        "user": [
            "prob_solv"
        ],
        "content_type": [
            "contenttypes",
            "contenttype"
        ],
        "object_id": "22",
        "object_repr": "m 1",
        "action_flag": 3,
        "change_message": ""
    }
},
{
    "model": "admin.logentry",
    "pk": 22,
    "fields": {
        "action_time": "2017-11-08T03:33:15.575Z",
        "user": [
            "prob_solv"
        ],
        "content_type": [
            "contenttypes",
            "contenttype"
        ],
        "object_id": "46",
        "object_repr": "Nigel 1",
        "action_flag": 3,
        "change_message": ""
    }
},
{
    "model": "admin.logentry",
    "pk": 23,
    "fields": {
        "action_time": "2017-11-08T03:33:15.587Z",
        "user": [
            "prob_solv"
        ],
        "content_type": [
            "contenttypes",
            "contenttype"
        ],
        "object_id": "45",
        "object_repr": "Nigel 1",
        "action_flag": 3,
        "change_message": ""
    }
},
{
    "model": "admin.logentry",
    "pk": 24,
    "fields": {
        "action_time": "2017-11-08T03:33:15.591Z",
        "user": [
            "prob_solv"
        ],
        "content_type": [
            "contenttypes",
            "contenttype"
        ],
        "object_id": "44",
        "object_repr": "vasdfaf 1",
        "action_flag": 3,
        "change_message": ""
    }
},
{
    "model": "admin.logentry",
    "pk": 25,
    "fields": {
        "action_time": "2017-11-08T03:33:15.593Z",
        "user": [
            "prob_solv"
        ],
        "content_type": [
            "contenttypes",
            "contenttype"
        ],
        "object_id": "42",
        "object_repr": "asdfsda 1",
        "action_flag": 3,
        "change_message": ""
    }
},
{
    "model": "admin.logentry",
    "pk": 26,
    "fields": {
        "action_time": "2017-11-08T03:33:15.596Z",
        "user": [
            "prob_solv"
        ],
        "content_type": [
            "contenttypes",
            "contenttype"
        ],
        "object_id": "41",
        "object_repr": "sadf 1",
        "action_flag": 3,
        "change_message": ""
    }
},
{
    "model": "admin.logentry",
    "pk": 27,
    "fields": {
        "action_time": "2017-11-08T03:33:15.599Z",
        "user": [
            "prob_solv"
        ],
        "content_type": [
            "contenttypes",
            "contenttype"
        ],
        "object_id": "40",
        "object_repr": "asdf 1",
        "action_flag": 3,
        "change_message": ""
    }
},
{
    "model": "admin.logentry",
    "pk": 28,
    "fields": {
        "action_time": "2017-11-08T03:33:15.601Z",
        "user": [
            "prob_solv"
        ],
        "content_type": [
            "contenttypes",
            "contenttype"
        ],
        "object_id": "39",
        "object_repr": "asdfa 1",
        "action_flag": 3,
        "change_message": ""
    }
},
{
    "model": "admin.logentry",
    "pk": 29,
    "fields": {
        "action_time": "2017-11-08T03:33:15.607Z",
        "user": [
            "prob_solv"
        ],
        "content_type": [
            "contenttypes",
            "contenttype"
        ],
        "object_id": "38",
        "object_repr": "asdf 1",
        "action_flag": 3,
        "change_message": ""
    }
},
{
    "model": "admin.logentry",
    "pk": 30,
    "fields": {
        "action_time": "2017-11-08T03:33:15.608Z",
        "user": [
            "prob_solv"
        ],
        "content_type": [
            "contenttypes",
            "contenttype"
        ],
        "object_id": "37",
        "object_repr": "asdf 1",
        "action_flag": 3,
        "change_message": ""
    }
},
{
    "model": "admin.logentry",
    "pk": 31,
    "fields": {
        "action_time": "2017-11-08T03:33:15.611Z",
        "user": [
            "prob_solv"
        ],
        "content_type": [
            "contenttypes",
            "contenttype"
        ],
        "object_id": "36",
        "object_repr": "asdfa 1",
        "action_flag": 3,
        "change_message": ""
    }
},
{
    "model": "admin.logentry",
    "pk": 32,
    "fields": {
        "action_time": "2017-11-08T03:33:15.613Z",
        "user": [
            "prob_solv"
        ],
        "content_type": [
            "contenttypes",
            "contenttype"
        ],
        "object_id": "35",
        "object_repr": "asdf 1",
        "action_flag": 3,
        "change_message": ""
    }
},
{
    "model": "admin.logentry",
    "pk": 33,
    "fields": {
        "action_time": "2017-11-08T03:33:15.616Z",
        "user": [
            "prob_solv"
        ],
        "content_type": [
            "contenttypes",
            "contenttype"
        ],
        "object_id": "34",
        "object_repr": "asdf 1",
        "action_flag": 3,
        "change_message": ""
    }
},
{
    "model": "admin.logentry",
    "pk": 34,
    "fields": {
        "action_time": "2017-11-08T03:33:15.619Z",
        "user": [
            "prob_solv"
        ],
        "content_type": [
            "contenttypes",
            "contenttype"
        ],
        "object_id": "33",
        "object_repr": "m 1",
        "action_flag": 3,
        "change_message": ""
    }
},
{
    "model": "admin.logentry",
    "pk": 35,
    "fields": {
        "action_time": "2017-11-08T03:33:15.621Z",
        "user": [
            "prob_solv"
        ],
        "content_type": [
            "contenttypes",
            "contenttype"
        ],
        "object_id": "32",
        "object_repr": "Nigel 1",
        "action_flag": 3,
        "change_message": ""
    }
},
{
    "model": "admin.logentry",
    "pk": 36,
    "fields": {
        "action_time": "2017-11-08T18:22:57.299Z",
        "user": [
            "prob_solv"
        ],
        "content_type": [
            "contenttypes",
            "contenttype"
        ],
        "object_id": "49",
        "object_repr": "Nigel 1",
        "action_flag": 3,
        "change_message": ""
    }
},
{
    "model": "admin.logentry",
    "pk": 37,
    "fields": {
        "action_time": "2017-11-08T18:22:57.308Z",
        "user": [
            "prob_solv"
        ],
        "content_type": [
            "contenttypes",
            "contenttype"
        ],
        "object_id": "48",
        "object_repr": "Nigel 1",
        "action_flag": 3,
        "change_message": ""
    }
},
{
    "model": "admin.logentry",
    "pk": 38,
    "fields": {
        "action_time": "2017-11-08T18:24:43.760Z",
        "user": [
            "prob_solv"
        ],
        "content_type": [
            "contenttypes",
            "contenttype"
        ],
        "object_id": "52",
        "object_repr": "Nigel 1",
        "action_flag": 3,
        "change_message": ""
    }
},
{
    "model": "admin.logentry",
    "pk": 39,
    "fields": {
        "action_time": "2017-11-08T23:39:12.210Z",
        "user": [
            "prob_solv"
        ],
        "content_type": [
            "auth",
            "user"
        ],
        "object_id": "1",
        "object_repr": "Public Chat Room",
        "action_flag": 2,
        "change_message": "[{\"changed\": {\"fields\": [\"title\"]}}]"
    }
},
{
    "model": "admin.logentry",
    "pk": 40,
    "fields": {
        "action_time": "2017-11-09T00:19:50.995Z",
        "user": [
            "prob_solv"
        ],
        "content_type": [
            "contenttypes",
            "contenttype"
        ],
        "object_id": "352",
        "object_repr": "Nigel 1",
        "action_flag": 3,
        "change_message": ""
    }
},
{
    "model": "admin.logentry",
    "pk": 41,
    "fields": {
        "action_time": "2017-11-09T00:19:51Z",
        "user": [
            "prob_solv"
        ],
        "content_type": [
            "contenttypes",
            "contenttype"
        ],
        "object_id": "351",
        "object_repr": "Nigel 1",
        "action_flag": 3,
        "change_message": ""
    }
},
{
    "model": "admin.logentry",
    "pk": 42,
    "fields": {
        "action_time": "2017-11-09T00:19:51.005Z",
        "user": [
            "prob_solv"
        ],
        "content_type": [
            "contenttypes",
            "contenttype"
        ],
        "object_id": "350",
        "object_repr": "Nigel 1",
        "action_flag": 3,
        "change_message": ""
    }
},
{
    "model": "admin.logentry",
    "pk": 43,
    "fields": {
        "action_time": "2017-11-09T00:19:51.009Z",
        "user": [
            "prob_solv"
        ],
        "content_type": [
            "contenttypes",
            "contenttype"
        ],
        "object_id": "349",
        "object_repr": "Nigel 1",
        "action_flag": 3,
        "change_message": ""
    }
},
{
    "model": "admin.logentry",
    "pk": 44,
    "fields": {
        "action_time": "2017-11-09T00:19:51.013Z",
        "user": [
            "prob_solv"
        ],
        "content_type": [
            "contenttypes",
            "contenttype"
        ],
        "object_id": "348",
        "object_repr": "Nigel 1",
        "action_flag": 3,
        "change_message": ""
    }
},
{
    "model": "admin.logentry",
    "pk": 45,
    "fields": {
        "action_time": "2017-11-09T00:19:51.018Z",
        "user": [
            "prob_solv"
        ],
        "content_type": [
            "contenttypes",
            "contenttype"
        ],
        "object_id": "347",
        "object_repr": "Nigel 1",
        "action_flag": 3,
        "change_message": ""
    }
},
{
    "model": "admin.logentry",
    "pk": 46,
    "fields": {
        "action_time": "2017-11-09T00:19:51.022Z",
        "user": [
            "prob_solv"
        ],
        "content_type": [
            "contenttypes",
            "contenttype"
        ],
        "object_id": "346",
        "object_repr": "Nigel 1",
        "action_flag": 3,
        "change_message": ""
    }
},
{
    "model": "admin.logentry",
    "pk": 47,
    "fields": {
        "action_time": "2017-11-09T00:19:51.026Z",
        "user": [
            "prob_solv"
        ],
        "content_type": [
            "contenttypes",
            "contenttype"
        ],
        "object_id": "345",
        "object_repr": "Nigel 1",
        "action_flag": 3,
        "change_message": ""
    }
},
{
    "model": "admin.logentry",
    "pk": 48,
    "fields": {
        "action_time": "2017-11-09T00:19:51.030Z",
        "user": [
            "prob_solv"
        ],
        "content_type": [
            "contenttypes",
            "contenttype"
        ],
        "object_id": "344",
        "object_repr": "Nigel 1",
        "action_flag": 3,
        "change_message": ""
    }
},
{
    "model": "admin.logentry",
    "pk": 49,
    "fields": {
        "action_time": "2017-11-09T00:19:51.033Z",
        "user": [
            "prob_solv"
        ],
        "content_type": [
            "contenttypes",
            "contenttype"
        ],
        "object_id": "343",
        "object_repr": "Nigel 1",
        "action_flag": 3,
        "change_message": ""
    }
},
{
    "model": "admin.logentry",
    "pk": 50,
    "fields": {
        "action_time": "2017-11-09T00:19:51.039Z",
        "user": [
            "prob_solv"
        ],
        "content_type": [
            "contenttypes",
            "contenttype"
        ],
        "object_id": "342",
        "object_repr": "Nigel 1",
        "action_flag": 3,
        "change_message": ""
    }
},
{
    "model": "admin.logentry",
    "pk": 51,
    "fields": {
        "action_time": "2017-11-09T00:19:51.041Z",
        "user": [
            "prob_solv"
        ],
        "content_type": [
            "contenttypes",
            "contenttype"
        ],
        "object_id": "341",
        "object_repr": "Nigel 1",
        "action_flag": 3,
        "change_message": ""
    }
},
{
    "model": "admin.logentry",
    "pk": 52,
    "fields": {
        "action_time": "2017-11-09T00:19:51.044Z",
        "user": [
            "prob_solv"
        ],
        "content_type": [
            "contenttypes",
            "contenttype"
        ],
        "object_id": "340",
        "object_repr": "Nigel 1",
        "action_flag": 3,
        "change_message": ""
    }
},
{
    "model": "admin.logentry",
    "pk": 53,
    "fields": {
        "action_time": "2017-11-09T00:19:51.047Z",
        "user": [
            "prob_solv"
        ],
        "content_type": [
            "contenttypes",
            "contenttype"
        ],
        "object_id": "328",
        "object_repr": "Nigel 1",
        "action_flag": 3,
        "change_message": ""
    }
},
{
    "model": "admin.logentry",
    "pk": 54,
    "fields": {
        "action_time": "2017-11-09T00:19:51.049Z",
        "user": [
            "prob_solv"
        ],
        "content_type": [
            "contenttypes",
            "contenttype"
        ],
        "object_id": "325",
        "object_repr": "Nigel 1",
        "action_flag": 3,
        "change_message": ""
    }
},
{
    "model": "admin.logentry",
    "pk": 55,
    "fields": {
        "action_time": "2017-11-09T00:19:51.052Z",
        "user": [
            "prob_solv"
        ],
        "content_type": [
            "contenttypes",
            "contenttype"
        ],
        "object_id": "324",
        "object_repr": "Nigel 1",
        "action_flag": 3,
        "change_message": ""
    }
},
{
    "model": "admin.logentry",
    "pk": 56,
    "fields": {
        "action_time": "2017-11-09T00:19:51.055Z",
        "user": [
            "prob_solv"
        ],
        "content_type": [
            "contenttypes",
            "contenttype"
        ],
        "object_id": "323",
        "object_repr": "Nigel 1",
        "action_flag": 3,
        "change_message": ""
    }
},
{
    "model": "admin.logentry",
    "pk": 57,
    "fields": {
        "action_time": "2017-11-09T00:19:51.057Z",
        "user": [
            "prob_solv"
        ],
        "content_type": [
            "contenttypes",
            "contenttype"
        ],
        "object_id": "322",
        "object_repr": "Nigel 1",
        "action_flag": 3,
        "change_message": ""
    }
},
{
    "model": "admin.logentry",
    "pk": 58,
    "fields": {
        "action_time": "2017-11-09T00:19:51.060Z",
        "user": [
            "prob_solv"
        ],
        "content_type": [
            "contenttypes",
            "contenttype"
        ],
        "object_id": "321",
        "object_repr": "Nigel 1",
        "action_flag": 3,
        "change_message": ""
    }
},
{
    "model": "admin.logentry",
    "pk": 59,
    "fields": {
        "action_time": "2017-11-09T00:19:51.063Z",
        "user": [
            "prob_solv"
        ],
        "content_type": [
            "contenttypes",
            "contenttype"
        ],
        "object_id": "320",
        "object_repr": "Nigel 1",
        "action_flag": 3,
        "change_message": ""
    }
},
{
    "model": "admin.logentry",
    "pk": 60,
    "fields": {
        "action_time": "2017-11-09T00:19:51.067Z",
        "user": [
            "prob_solv"
        ],
        "content_type": [
            "contenttypes",
            "contenttype"
        ],
        "object_id": "319",
        "object_repr": "Nigel 1",
        "action_flag": 3,
        "change_message": ""
    }
},
{
    "model": "admin.logentry",
    "pk": 61,
    "fields": {
        "action_time": "2017-11-09T00:19:51.069Z",
        "user": [
            "prob_solv"
        ],
        "content_type": [
            "contenttypes",
            "contenttype"
        ],
        "object_id": "318",
        "object_repr": "Nigel 1",
        "action_flag": 3,
        "change_message": ""
    }
},
{
    "model": "admin.logentry",
    "pk": 62,
    "fields": {
        "action_time": "2017-11-09T00:19:51.073Z",
        "user": [
            "prob_solv"
        ],
        "content_type": [
            "contenttypes",
            "contenttype"
        ],
        "object_id": "317",
        "object_repr": "Nigel 1",
        "action_flag": 3,
        "change_message": ""
    }
},
{
    "model": "admin.logentry",
    "pk": 63,
    "fields": {
        "action_time": "2017-11-09T00:19:51.078Z",
        "user": [
            "prob_solv"
        ],
        "content_type": [
            "contenttypes",
            "contenttype"
        ],
        "object_id": "316",
        "object_repr": "Nigel 1",
        "action_flag": 3,
        "change_message": ""
    }
},
{
    "model": "admin.logentry",
    "pk": 64,
    "fields": {
        "action_time": "2017-11-09T00:19:51.082Z",
        "user": [
            "prob_solv"
        ],
        "content_type": [
            "contenttypes",
            "contenttype"
        ],
        "object_id": "315",
        "object_repr": "Nigel 1",
        "action_flag": 3,
        "change_message": ""
    }
},
{
    "model": "admin.logentry",
    "pk": 65,
    "fields": {
        "action_time": "2017-11-09T00:19:51.086Z",
        "user": [
            "prob_solv"
        ],
        "content_type": [
            "contenttypes",
            "contenttype"
        ],
        "object_id": "314",
        "object_repr": "Nigel 1",
        "action_flag": 3,
        "change_message": ""
    }
},
{
    "model": "admin.logentry",
    "pk": 66,
    "fields": {
        "action_time": "2017-11-09T00:19:51.090Z",
        "user": [
            "prob_solv"
        ],
        "content_type": [
            "contenttypes",
            "contenttype"
        ],
        "object_id": "313",
        "object_repr": "Nigel 1",
        "action_flag": 3,
        "change_message": ""
    }
},
{
    "model": "admin.logentry",
    "pk": 67,
    "fields": {
        "action_time": "2017-11-09T00:19:51.096Z",
        "user": [
            "prob_solv"
        ],
        "content_type": [
            "contenttypes",
            "contenttype"
        ],
        "object_id": "312",
        "object_repr": "Nigel 1",
        "action_flag": 3,
        "change_message": ""
    }
},
{
    "model": "admin.logentry",
    "pk": 68,
    "fields": {
        "action_time": "2017-11-09T00:19:51.100Z",
        "user": [
            "prob_solv"
        ],
        "content_type": [
            "contenttypes",
            "contenttype"
        ],
        "object_id": "311",
        "object_repr": "Nigel 1",
        "action_flag": 3,
        "change_message": ""
    }
},
{
    "model": "admin.logentry",
    "pk": 69,
    "fields": {
        "action_time": "2017-11-09T00:19:51.103Z",
        "user": [
            "prob_solv"
        ],
        "content_type": [
            "contenttypes",
            "contenttype"
        ],
        "object_id": "310",
        "object_repr": "Nigel 1",
        "action_flag": 3,
        "change_message": ""
    }
},
{
    "model": "admin.logentry",
    "pk": 70,
    "fields": {
        "action_time": "2017-11-09T00:19:51.105Z",
        "user": [
            "prob_solv"
        ],
        "content_type": [
            "contenttypes",
            "contenttype"
        ],
        "object_id": "309",
        "object_repr": "Nigel 1",
        "action_flag": 3,
        "change_message": ""
    }
},
{
    "model": "admin.logentry",
    "pk": 71,
    "fields": {
        "action_time": "2017-11-09T00:19:51.108Z",
        "user": [
            "prob_solv"
        ],
        "content_type": [
            "contenttypes",
            "contenttype"
        ],
        "object_id": "308",
        "object_repr": "Nigel 1",
        "action_flag": 3,
        "change_message": ""
    }
},
{
    "model": "admin.logentry",
    "pk": 72,
    "fields": {
        "action_time": "2017-11-09T00:19:51.111Z",
        "user": [
            "prob_solv"
        ],
        "content_type": [
            "contenttypes",
            "contenttype"
        ],
        "object_id": "307",
        "object_repr": "Nigel 1",
        "action_flag": 3,
        "change_message": ""
    }
},
{
    "model": "admin.logentry",
    "pk": 73,
    "fields": {
        "action_time": "2017-11-09T00:19:51.115Z",
        "user": [
            "prob_solv"
        ],
        "content_type": [
            "contenttypes",
            "contenttype"
        ],
        "object_id": "306",
        "object_repr": "Nigel 1",
        "action_flag": 3,
        "change_message": ""
    }
},
{
    "model": "admin.logentry",
    "pk": 74,
    "fields": {
        "action_time": "2017-11-09T00:19:51.119Z",
        "user": [
            "prob_solv"
        ],
        "content_type": [
            "contenttypes",
            "contenttype"
        ],
        "object_id": "305",
        "object_repr": "Nigel 1",
        "action_flag": 3,
        "change_message": ""
    }
},
{
    "model": "admin.logentry",
    "pk": 75,
    "fields": {
        "action_time": "2017-11-09T00:19:51.123Z",
        "user": [
            "prob_solv"
        ],
        "content_type": [
            "contenttypes",
            "contenttype"
        ],
        "object_id": "304",
        "object_repr": "Nigel 1",
        "action_flag": 3,
        "change_message": ""
    }
},
{
    "model": "admin.logentry",
    "pk": 76,
    "fields": {
        "action_time": "2017-11-09T00:19:51.127Z",
        "user": [
            "prob_solv"
        ],
        "content_type": [
            "contenttypes",
            "contenttype"
        ],
        "object_id": "303",
        "object_repr": "Nigel 1",
        "action_flag": 3,
        "change_message": ""
    }
},
{
    "model": "admin.logentry",
    "pk": 77,
    "fields": {
        "action_time": "2017-11-09T00:19:51.129Z",
        "user": [
            "prob_solv"
        ],
        "content_type": [
            "contenttypes",
            "contenttype"
        ],
        "object_id": "302",
        "object_repr": "Nigel 1",
        "action_flag": 3,
        "change_message": ""
    }
},
{
    "model": "admin.logentry",
    "pk": 78,
    "fields": {
        "action_time": "2017-11-09T00:19:51.132Z",
        "user": [
            "prob_solv"
        ],
        "content_type": [
            "contenttypes",
            "contenttype"
        ],
        "object_id": "301",
        "object_repr": "Nigel 1",
        "action_flag": 3,
        "change_message": ""
    }
},
{
    "model": "admin.logentry",
    "pk": 79,
    "fields": {
        "action_time": "2017-11-09T00:19:51.136Z",
        "user": [
            "prob_solv"
        ],
        "content_type": [
            "contenttypes",
            "contenttype"
        ],
        "object_id": "300",
        "object_repr": "Nigel 1",
        "action_flag": 3,
        "change_message": ""
    }
},
{
    "model": "admin.logentry",
    "pk": 80,
    "fields": {
        "action_time": "2017-11-09T00:19:51.139Z",
        "user": [
            "prob_solv"
        ],
        "content_type": [
            "contenttypes",
            "contenttype"
        ],
        "object_id": "299",
        "object_repr": "Nigel 1",
        "action_flag": 3,
        "change_message": ""
    }
},
{
    "model": "admin.logentry",
    "pk": 81,
    "fields": {
        "action_time": "2017-11-09T00:19:51.143Z",
        "user": [
            "prob_solv"
        ],
        "content_type": [
            "contenttypes",
            "contenttype"
        ],
        "object_id": "298",
        "object_repr": "Nigel 1",
        "action_flag": 3,
        "change_message": ""
    }
},
{
    "model": "admin.logentry",
    "pk": 82,
    "fields": {
        "action_time": "2017-11-09T00:19:51.148Z",
        "user": [
            "prob_solv"
        ],
        "content_type": [
            "contenttypes",
            "contenttype"
        ],
        "object_id": "297",
        "object_repr": "Nigel 1",
        "action_flag": 3,
        "change_message": ""
    }
},
{
    "model": "admin.logentry",
    "pk": 83,
    "fields": {
        "action_time": "2017-11-09T00:19:51.153Z",
        "user": [
            "prob_solv"
        ],
        "content_type": [
            "contenttypes",
            "contenttype"
        ],
        "object_id": "296",
        "object_repr": "Nigel 1",
        "action_flag": 3,
        "change_message": ""
    }
},
{
    "model": "admin.logentry",
    "pk": 84,
    "fields": {
        "action_time": "2017-11-09T00:19:51.156Z",
        "user": [
            "prob_solv"
        ],
        "content_type": [
            "contenttypes",
            "contenttype"
        ],
        "object_id": "295",
        "object_repr": "Nigel 1",
        "action_flag": 3,
        "change_message": ""
    }
},
{
    "model": "admin.logentry",
    "pk": 85,
    "fields": {
        "action_time": "2017-11-09T00:19:51.160Z",
        "user": [
            "prob_solv"
        ],
        "content_type": [
            "contenttypes",
            "contenttype"
        ],
        "object_id": "294",
        "object_repr": "Nigel 1",
        "action_flag": 3,
        "change_message": ""
    }
},
{
    "model": "admin.logentry",
    "pk": 86,
    "fields": {
        "action_time": "2017-11-09T00:19:51.164Z",
        "user": [
            "prob_solv"
        ],
        "content_type": [
            "contenttypes",
            "contenttype"
        ],
        "object_id": "293",
        "object_repr": "Nigel 1",
        "action_flag": 3,
        "change_message": ""
    }
},
{
    "model": "admin.logentry",
    "pk": 87,
    "fields": {
        "action_time": "2017-11-09T00:19:51.167Z",
        "user": [
            "prob_solv"
        ],
        "content_type": [
            "contenttypes",
            "contenttype"
        ],
        "object_id": "292",
        "object_repr": "Nigel 1",
        "action_flag": 3,
        "change_message": ""
    }
},
{
    "model": "admin.logentry",
    "pk": 88,
    "fields": {
        "action_time": "2017-11-09T00:19:51.169Z",
        "user": [
            "prob_solv"
        ],
        "content_type": [
            "contenttypes",
            "contenttype"
        ],
        "object_id": "291",
        "object_repr": "Nigel 1",
        "action_flag": 3,
        "change_message": ""
    }
},
{
    "model": "admin.logentry",
    "pk": 89,
    "fields": {
        "action_time": "2017-11-09T00:19:51.172Z",
        "user": [
            "prob_solv"
        ],
        "content_type": [
            "contenttypes",
            "contenttype"
        ],
        "object_id": "290",
        "object_repr": "Nigel 1",
        "action_flag": 3,
        "change_message": ""
    }
},
{
    "model": "admin.logentry",
    "pk": 90,
    "fields": {
        "action_time": "2017-11-09T00:19:51.175Z",
        "user": [
            "prob_solv"
        ],
        "content_type": [
            "contenttypes",
            "contenttype"
        ],
        "object_id": "289",
        "object_repr": "Nigel 1",
        "action_flag": 3,
        "change_message": ""
    }
},
{
    "model": "admin.logentry",
    "pk": 91,
    "fields": {
        "action_time": "2017-11-09T00:19:51.177Z",
        "user": [
            "prob_solv"
        ],
        "content_type": [
            "contenttypes",
            "contenttype"
        ],
        "object_id": "288",
        "object_repr": "Nigel 1",
        "action_flag": 3,
        "change_message": ""
    }
},
{
    "model": "admin.logentry",
    "pk": 92,
    "fields": {
        "action_time": "2017-11-09T00:19:51.181Z",
        "user": [
            "prob_solv"
        ],
        "content_type": [
            "contenttypes",
            "contenttype"
        ],
        "object_id": "287",
        "object_repr": "Nigel 1",
        "action_flag": 3,
        "change_message": ""
    }
},
{
    "model": "admin.logentry",
    "pk": 93,
    "fields": {
        "action_time": "2017-11-09T00:19:51.184Z",
        "user": [
            "prob_solv"
        ],
        "content_type": [
            "contenttypes",
            "contenttype"
        ],
        "object_id": "286",
        "object_repr": "Nigel 1",
        "action_flag": 3,
        "change_message": ""
    }
},
{
    "model": "admin.logentry",
    "pk": 94,
    "fields": {
        "action_time": "2017-11-09T00:19:51.187Z",
        "user": [
            "prob_solv"
        ],
        "content_type": [
            "contenttypes",
            "contenttype"
        ],
        "object_id": "285",
        "object_repr": "Nigel 1",
        "action_flag": 3,
        "change_message": ""
    }
},
{
    "model": "admin.logentry",
    "pk": 95,
    "fields": {
        "action_time": "2017-11-09T00:19:51.191Z",
        "user": [
            "prob_solv"
        ],
        "content_type": [
            "contenttypes",
            "contenttype"
        ],
        "object_id": "284",
        "object_repr": "Nigel 1",
        "action_flag": 3,
        "change_message": ""
    }
},
{
    "model": "admin.logentry",
    "pk": 96,
    "fields": {
        "action_time": "2017-11-09T00:19:51.193Z",
        "user": [
            "prob_solv"
        ],
        "content_type": [
            "contenttypes",
            "contenttype"
        ],
        "object_id": "283",
        "object_repr": "Nigel 1",
        "action_flag": 3,
        "change_message": ""
    }
},
{
    "model": "admin.logentry",
    "pk": 97,
    "fields": {
        "action_time": "2017-11-09T00:19:51.197Z",
        "user": [
            "prob_solv"
        ],
        "content_type": [
            "contenttypes",
            "contenttype"
        ],
        "object_id": "282",
        "object_repr": "Nigel 1",
        "action_flag": 3,
        "change_message": ""
    }
},
{
    "model": "admin.logentry",
    "pk": 98,
    "fields": {
        "action_time": "2017-11-09T00:19:51.200Z",
        "user": [
            "prob_solv"
        ],
        "content_type": [
            "contenttypes",
            "contenttype"
        ],
        "object_id": "281",
        "object_repr": "Nigel 1",
        "action_flag": 3,
        "change_message": ""
    }
},
{
    "model": "admin.logentry",
    "pk": 99,
    "fields": {
        "action_time": "2017-11-09T00:19:51.212Z",
        "user": [
            "prob_solv"
        ],
        "content_type": [
            "contenttypes",
            "contenttype"
        ],
        "object_id": "280",
        "object_repr": "Nigel 1",
        "action_flag": 3,
        "change_message": ""
    }
},
{
    "model": "admin.logentry",
    "pk": 100,
    "fields": {
        "action_time": "2017-11-09T00:19:51.217Z",
        "user": [
            "prob_solv"
        ],
        "content_type": [
            "contenttypes",
            "contenttype"
        ],
        "object_id": "279",
        "object_repr": "Nigel 1",
        "action_flag": 3,
        "change_message": ""
    }
},
{
    "model": "admin.logentry",
    "pk": 101,
    "fields": {
        "action_time": "2017-11-09T00:19:51.222Z",
        "user": [
            "prob_solv"
        ],
        "content_type": [
            "contenttypes",
            "contenttype"
        ],
        "object_id": "278",
        "object_repr": "Nigel 1",
        "action_flag": 3,
        "change_message": ""
    }
},
{
    "model": "admin.logentry",
    "pk": 102,
    "fields": {
        "action_time": "2017-11-09T00:19:51.226Z",
        "user": [
            "prob_solv"
        ],
        "content_type": [
            "contenttypes",
            "contenttype"
        ],
        "object_id": "277",
        "object_repr": "Nigel 1",
        "action_flag": 3,
        "change_message": ""
    }
},
{
    "model": "admin.logentry",
    "pk": 103,
    "fields": {
        "action_time": "2017-11-09T00:19:51.230Z",
        "user": [
            "prob_solv"
        ],
        "content_type": [
            "contenttypes",
            "contenttype"
        ],
        "object_id": "276",
        "object_repr": "Nigel 1",
        "action_flag": 3,
        "change_message": ""
    }
},
{
    "model": "admin.logentry",
    "pk": 104,
    "fields": {
        "action_time": "2017-11-09T00:19:51.233Z",
        "user": [
            "prob_solv"
        ],
        "content_type": [
            "contenttypes",
            "contenttype"
        ],
        "object_id": "275",
        "object_repr": "Nigel 1",
        "action_flag": 3,
        "change_message": ""
    }
},
{
    "model": "admin.logentry",
    "pk": 105,
    "fields": {
        "action_time": "2017-11-09T00:19:51.237Z",
        "user": [
            "prob_solv"
        ],
        "content_type": [
            "contenttypes",
            "contenttype"
        ],
        "object_id": "274",
        "object_repr": "Nigel 1",
        "action_flag": 3,
        "change_message": ""
    }
},
{
    "model": "admin.logentry",
    "pk": 106,
    "fields": {
        "action_time": "2017-11-09T00:19:51.240Z",
        "user": [
            "prob_solv"
        ],
        "content_type": [
            "contenttypes",
            "contenttype"
        ],
        "object_id": "273",
        "object_repr": "Nigel 1",
        "action_flag": 3,
        "change_message": ""
    }
},
{
    "model": "admin.logentry",
    "pk": 107,
    "fields": {
        "action_time": "2017-11-09T00:19:51.244Z",
        "user": [
            "prob_solv"
        ],
        "content_type": [
            "contenttypes",
            "contenttype"
        ],
        "object_id": "272",
        "object_repr": "Nigel 1",
        "action_flag": 3,
        "change_message": ""
    }
},
{
    "model": "admin.logentry",
    "pk": 108,
    "fields": {
        "action_time": "2017-11-09T00:19:51.248Z",
        "user": [
            "prob_solv"
        ],
        "content_type": [
            "contenttypes",
            "contenttype"
        ],
        "object_id": "271",
        "object_repr": "Nigel 1",
        "action_flag": 3,
        "change_message": ""
    }
},
{
    "model": "admin.logentry",
    "pk": 109,
    "fields": {
        "action_time": "2017-11-09T00:19:51.252Z",
        "user": [
            "prob_solv"
        ],
        "content_type": [
            "contenttypes",
            "contenttype"
        ],
        "object_id": "270",
        "object_repr": "Nigel 1",
        "action_flag": 3,
        "change_message": ""
    }
},
{
    "model": "admin.logentry",
    "pk": 110,
    "fields": {
        "action_time": "2017-11-09T00:19:51.256Z",
        "user": [
            "prob_solv"
        ],
        "content_type": [
            "contenttypes",
            "contenttype"
        ],
        "object_id": "269",
        "object_repr": "Nigel 1",
        "action_flag": 3,
        "change_message": ""
    }
},
{
    "model": "admin.logentry",
    "pk": 111,
    "fields": {
        "action_time": "2017-11-09T00:19:51.259Z",
        "user": [
            "prob_solv"
        ],
        "content_type": [
            "contenttypes",
            "contenttype"
        ],
        "object_id": "268",
        "object_repr": "Nigel 1",
        "action_flag": 3,
        "change_message": ""
    }
},
{
    "model": "admin.logentry",
    "pk": 112,
    "fields": {
        "action_time": "2017-11-09T00:19:51.261Z",
        "user": [
            "prob_solv"
        ],
        "content_type": [
            "contenttypes",
            "contenttype"
        ],
        "object_id": "267",
        "object_repr": "Nigel 1",
        "action_flag": 3,
        "change_message": ""
    }
},
{
    "model": "admin.logentry",
    "pk": 113,
    "fields": {
        "action_time": "2017-11-09T00:19:51.266Z",
        "user": [
            "prob_solv"
        ],
        "content_type": [
            "contenttypes",
            "contenttype"
        ],
        "object_id": "266",
        "object_repr": "Nigel 1",
        "action_flag": 3,
        "change_message": ""
    }
},
{
    "model": "admin.logentry",
    "pk": 114,
    "fields": {
        "action_time": "2017-11-09T00:19:51.270Z",
        "user": [
            "prob_solv"
        ],
        "content_type": [
            "contenttypes",
            "contenttype"
        ],
        "object_id": "265",
        "object_repr": "Nigel 1",
        "action_flag": 3,
        "change_message": ""
    }
},
{
    "model": "admin.logentry",
    "pk": 115,
    "fields": {
        "action_time": "2017-11-09T00:19:51.281Z",
        "user": [
            "prob_solv"
        ],
        "content_type": [
            "contenttypes",
            "contenttype"
        ],
        "object_id": "264",
        "object_repr": "Nigel 1",
        "action_flag": 3,
        "change_message": ""
    }
},
{
    "model": "admin.logentry",
    "pk": 116,
    "fields": {
        "action_time": "2017-11-09T00:19:51.285Z",
        "user": [
            "prob_solv"
        ],
        "content_type": [
            "contenttypes",
            "contenttype"
        ],
        "object_id": "263",
        "object_repr": "Nigel 1",
        "action_flag": 3,
        "change_message": ""
    }
},
{
    "model": "admin.logentry",
    "pk": 117,
    "fields": {
        "action_time": "2017-11-09T00:19:51.288Z",
        "user": [
            "prob_solv"
        ],
        "content_type": [
            "contenttypes",
            "contenttype"
        ],
        "object_id": "262",
        "object_repr": "Nigel 1",
        "action_flag": 3,
        "change_message": ""
    }
},
{
    "model": "admin.logentry",
    "pk": 118,
    "fields": {
        "action_time": "2017-11-09T00:19:51.292Z",
        "user": [
            "prob_solv"
        ],
        "content_type": [
            "contenttypes",
            "contenttype"
        ],
        "object_id": "261",
        "object_repr": "Nigel 1",
        "action_flag": 3,
        "change_message": ""
    }
},
{
    "model": "admin.logentry",
    "pk": 119,
    "fields": {
        "action_time": "2017-11-09T00:19:51.297Z",
        "user": [
            "prob_solv"
        ],
        "content_type": [
            "contenttypes",
            "contenttype"
        ],
        "object_id": "260",
        "object_repr": "Nigel 1",
        "action_flag": 3,
        "change_message": ""
    }
},
{
    "model": "admin.logentry",
    "pk": 120,
    "fields": {
        "action_time": "2017-11-09T00:19:51.301Z",
        "user": [
            "prob_solv"
        ],
        "content_type": [
            "contenttypes",
            "contenttype"
        ],
        "object_id": "259",
        "object_repr": "Nigel 1",
        "action_flag": 3,
        "change_message": ""
    }
},
{
    "model": "admin.logentry",
    "pk": 121,
    "fields": {
        "action_time": "2017-11-09T00:19:51.305Z",
        "user": [
            "prob_solv"
        ],
        "content_type": [
            "contenttypes",
            "contenttype"
        ],
        "object_id": "258",
        "object_repr": "Nigel 1",
        "action_flag": 3,
        "change_message": ""
    }
},
{
    "model": "admin.logentry",
    "pk": 122,
    "fields": {
        "action_time": "2017-11-09T00:19:51.309Z",
        "user": [
            "prob_solv"
        ],
        "content_type": [
            "contenttypes",
            "contenttype"
        ],
        "object_id": "257",
        "object_repr": "Nigel 1",
        "action_flag": 3,
        "change_message": ""
    }
},
{
    "model": "admin.logentry",
    "pk": 123,
    "fields": {
        "action_time": "2017-11-09T00:19:51.313Z",
        "user": [
            "prob_solv"
        ],
        "content_type": [
            "contenttypes",
            "contenttype"
        ],
        "object_id": "256",
        "object_repr": "Nigel 1",
        "action_flag": 3,
        "change_message": ""
    }
},
{
    "model": "admin.logentry",
    "pk": 124,
    "fields": {
        "action_time": "2017-11-09T00:19:51.316Z",
        "user": [
            "prob_solv"
        ],
        "content_type": [
            "contenttypes",
            "contenttype"
        ],
        "object_id": "255",
        "object_repr": "Nigel 1",
        "action_flag": 3,
        "change_message": ""
    }
},
{
    "model": "admin.logentry",
    "pk": 125,
    "fields": {
        "action_time": "2017-11-09T00:19:51.319Z",
        "user": [
            "prob_solv"
        ],
        "content_type": [
            "contenttypes",
            "contenttype"
        ],
        "object_id": "254",
        "object_repr": "Nigel 1",
        "action_flag": 3,
        "change_message": ""
    }
},
{
    "model": "admin.logentry",
    "pk": 126,
    "fields": {
        "action_time": "2017-11-09T00:19:51.322Z",
        "user": [
            "prob_solv"
        ],
        "content_type": [
            "contenttypes",
            "contenttype"
        ],
        "object_id": "253",
        "object_repr": "Nigel 1",
        "action_flag": 3,
        "change_message": ""
    }
},
{
    "model": "admin.logentry",
    "pk": 127,
    "fields": {
        "action_time": "2017-11-09T00:19:51.325Z",
        "user": [
            "prob_solv"
        ],
        "content_type": [
            "contenttypes",
            "contenttype"
        ],
        "object_id": "252",
        "object_repr": "Nigel 1",
        "action_flag": 3,
        "change_message": ""
    }
},
{
    "model": "admin.logentry",
    "pk": 128,
    "fields": {
        "action_time": "2017-11-09T00:19:51.329Z",
        "user": [
            "prob_solv"
        ],
        "content_type": [
            "contenttypes",
            "contenttype"
        ],
        "object_id": "251",
        "object_repr": "Nigel 1",
        "action_flag": 3,
        "change_message": ""
    }
},
{
    "model": "admin.logentry",
    "pk": 129,
    "fields": {
        "action_time": "2017-11-09T00:19:51.333Z",
        "user": [
            "prob_solv"
        ],
        "content_type": [
            "contenttypes",
            "contenttype"
        ],
        "object_id": "250",
        "object_repr": "Nigel 1",
        "action_flag": 3,
        "change_message": ""
    }
},
{
    "model": "admin.logentry",
    "pk": 130,
    "fields": {
        "action_time": "2017-11-09T00:19:51.337Z",
        "user": [
            "prob_solv"
        ],
        "content_type": [
            "contenttypes",
            "contenttype"
        ],
        "object_id": "249",
        "object_repr": "Nigel 1",
        "action_flag": 3,
        "change_message": ""
    }
},
{
    "model": "admin.logentry",
    "pk": 131,
    "fields": {
        "action_time": "2017-11-09T00:19:51.341Z",
        "user": [
            "prob_solv"
        ],
        "content_type": [
            "contenttypes",
            "contenttype"
        ],
        "object_id": "248",
        "object_repr": "Nigel 1",
        "action_flag": 3,
        "change_message": ""
    }
},
{
    "model": "admin.logentry",
    "pk": 132,
    "fields": {
        "action_time": "2017-11-09T00:19:51.347Z",
        "user": [
            "prob_solv"
        ],
        "content_type": [
            "contenttypes",
            "contenttype"
        ],
        "object_id": "247",
        "object_repr": "Nigel 1",
        "action_flag": 3,
        "change_message": ""
    }
},
{
    "model": "admin.logentry",
    "pk": 133,
    "fields": {
        "action_time": "2017-11-09T00:19:51.353Z",
        "user": [
            "prob_solv"
        ],
        "content_type": [
            "contenttypes",
            "contenttype"
        ],
        "object_id": "246",
        "object_repr": "Nigel 1",
        "action_flag": 3,
        "change_message": ""
    }
},
{
    "model": "admin.logentry",
    "pk": 134,
    "fields": {
        "action_time": "2017-11-09T00:19:51.358Z",
        "user": [
            "prob_solv"
        ],
        "content_type": [
            "contenttypes",
            "contenttype"
        ],
        "object_id": "245",
        "object_repr": "Nigel 1",
        "action_flag": 3,
        "change_message": ""
    }
},
{
    "model": "admin.logentry",
    "pk": 135,
    "fields": {
        "action_time": "2017-11-09T00:19:51.362Z",
        "user": [
            "prob_solv"
        ],
        "content_type": [
            "contenttypes",
            "contenttype"
        ],
        "object_id": "244",
        "object_repr": "Nigel 1",
        "action_flag": 3,
        "change_message": ""
    }
},
{
    "model": "admin.logentry",
    "pk": 136,
    "fields": {
        "action_time": "2017-11-09T00:19:51.365Z",
        "user": [
            "prob_solv"
        ],
        "content_type": [
            "contenttypes",
            "contenttype"
        ],
        "object_id": "243",
        "object_repr": "Nigel 1",
        "action_flag": 3,
        "change_message": ""
    }
},
{
    "model": "admin.logentry",
    "pk": 137,
    "fields": {
        "action_time": "2017-11-09T00:19:51.369Z",
        "user": [
            "prob_solv"
        ],
        "content_type": [
            "contenttypes",
            "contenttype"
        ],
        "object_id": "242",
        "object_repr": "Nigel 1",
        "action_flag": 3,
        "change_message": ""
    }
},
{
    "model": "admin.logentry",
    "pk": 138,
    "fields": {
        "action_time": "2017-11-09T00:19:51.373Z",
        "user": [
            "prob_solv"
        ],
        "content_type": [
            "contenttypes",
            "contenttype"
        ],
        "object_id": "241",
        "object_repr": "Nigel 1",
        "action_flag": 3,
        "change_message": ""
    }
},
{
    "model": "admin.logentry",
    "pk": 139,
    "fields": {
        "action_time": "2017-11-09T00:19:51.378Z",
        "user": [
            "prob_solv"
        ],
        "content_type": [
            "contenttypes",
            "contenttype"
        ],
        "object_id": "240",
        "object_repr": "Nigel 1",
        "action_flag": 3,
        "change_message": ""
    }
},
{
    "model": "admin.logentry",
    "pk": 140,
    "fields": {
        "action_time": "2017-11-09T00:19:59.086Z",
        "user": [
            "prob_solv"
        ],
        "content_type": [
            "contenttypes",
            "contenttype"
        ],
        "object_id": "239",
        "object_repr": "Nigel 1",
        "action_flag": 3,
        "change_message": ""
    }
},
{
    "model": "admin.logentry",
    "pk": 141,
    "fields": {
        "action_time": "2017-11-09T00:19:59.093Z",
        "user": [
            "prob_solv"
        ],
        "content_type": [
            "contenttypes",
            "contenttype"
        ],
        "object_id": "238",
        "object_repr": "Nigel 1",
        "action_flag": 3,
        "change_message": ""
    }
},
{
    "model": "admin.logentry",
    "pk": 142,
    "fields": {
        "action_time": "2017-11-09T00:19:59.099Z",
        "user": [
            "prob_solv"
        ],
        "content_type": [
            "contenttypes",
            "contenttype"
        ],
        "object_id": "237",
        "object_repr": "Nigel 1",
        "action_flag": 3,
        "change_message": ""
    }
},
{
    "model": "admin.logentry",
    "pk": 143,
    "fields": {
        "action_time": "2017-11-09T00:19:59.104Z",
        "user": [
            "prob_solv"
        ],
        "content_type": [
            "contenttypes",
            "contenttype"
        ],
        "object_id": "236",
        "object_repr": "Nigel 1",
        "action_flag": 3,
        "change_message": ""
    }
},
{
    "model": "admin.logentry",
    "pk": 144,
    "fields": {
        "action_time": "2017-11-09T00:19:59.109Z",
        "user": [
            "prob_solv"
        ],
        "content_type": [
            "contenttypes",
            "contenttype"
        ],
        "object_id": "235",
        "object_repr": "Nigel 1",
        "action_flag": 3,
        "change_message": ""
    }
},
{
    "model": "admin.logentry",
    "pk": 145,
    "fields": {
        "action_time": "2017-11-09T00:19:59.119Z",
        "user": [
            "prob_solv"
        ],
        "content_type": [
            "contenttypes",
            "contenttype"
        ],
        "object_id": "234",
        "object_repr": "Nigel 1",
        "action_flag": 3,
        "change_message": ""
    }
},
{
    "model": "admin.logentry",
    "pk": 146,
    "fields": {
        "action_time": "2017-11-09T00:19:59.124Z",
        "user": [
            "prob_solv"
        ],
        "content_type": [
            "contenttypes",
            "contenttype"
        ],
        "object_id": "233",
        "object_repr": "Nigel 1",
        "action_flag": 3,
        "change_message": ""
    }
},
{
    "model": "admin.logentry",
    "pk": 147,
    "fields": {
        "action_time": "2017-11-09T00:19:59.129Z",
        "user": [
            "prob_solv"
        ],
        "content_type": [
            "contenttypes",
            "contenttype"
        ],
        "object_id": "232",
        "object_repr": "Nigel 1",
        "action_flag": 3,
        "change_message": ""
    }
},
{
    "model": "admin.logentry",
    "pk": 148,
    "fields": {
        "action_time": "2017-11-09T00:19:59.134Z",
        "user": [
            "prob_solv"
        ],
        "content_type": [
            "contenttypes",
            "contenttype"
        ],
        "object_id": "231",
        "object_repr": "Nigel 1",
        "action_flag": 3,
        "change_message": ""
    }
},
{
    "model": "admin.logentry",
    "pk": 149,
    "fields": {
        "action_time": "2017-11-09T00:19:59.139Z",
        "user": [
            "prob_solv"
        ],
        "content_type": [
            "contenttypes",
            "contenttype"
        ],
        "object_id": "230",
        "object_repr": "Nigel 1",
        "action_flag": 3,
        "change_message": ""
    }
},
{
    "model": "admin.logentry",
    "pk": 150,
    "fields": {
        "action_time": "2017-11-09T00:19:59.144Z",
        "user": [
            "prob_solv"
        ],
        "content_type": [
            "contenttypes",
            "contenttype"
        ],
        "object_id": "229",
        "object_repr": "Nigel 1",
        "action_flag": 3,
        "change_message": ""
    }
},
{
    "model": "admin.logentry",
    "pk": 151,
    "fields": {
        "action_time": "2017-11-09T00:19:59.148Z",
        "user": [
            "prob_solv"
        ],
        "content_type": [
            "contenttypes",
            "contenttype"
        ],
        "object_id": "228",
        "object_repr": "Nigel 1",
        "action_flag": 3,
        "change_message": ""
    }
},
{
    "model": "admin.logentry",
    "pk": 152,
    "fields": {
        "action_time": "2017-11-09T00:19:59.154Z",
        "user": [
            "prob_solv"
        ],
        "content_type": [
            "contenttypes",
            "contenttype"
        ],
        "object_id": "227",
        "object_repr": "Nigel 1",
        "action_flag": 3,
        "change_message": ""
    }
},
{
    "model": "admin.logentry",
    "pk": 153,
    "fields": {
        "action_time": "2017-11-09T00:19:59.159Z",
        "user": [
            "prob_solv"
        ],
        "content_type": [
            "contenttypes",
            "contenttype"
        ],
        "object_id": "226",
        "object_repr": "Nigel 1",
        "action_flag": 3,
        "change_message": ""
    }
},
{
    "model": "admin.logentry",
    "pk": 154,
    "fields": {
        "action_time": "2017-11-09T00:19:59.164Z",
        "user": [
            "prob_solv"
        ],
        "content_type": [
            "contenttypes",
            "contenttype"
        ],
        "object_id": "225",
        "object_repr": "Nigel 1",
        "action_flag": 3,
        "change_message": ""
    }
},
{
    "model": "admin.logentry",
    "pk": 155,
    "fields": {
        "action_time": "2017-11-09T00:19:59.170Z",
        "user": [
            "prob_solv"
        ],
        "content_type": [
            "contenttypes",
            "contenttype"
        ],
        "object_id": "224",
        "object_repr": "Nigel 1",
        "action_flag": 3,
        "change_message": ""
    }
},
{
    "model": "admin.logentry",
    "pk": 156,
    "fields": {
        "action_time": "2017-11-09T00:19:59.174Z",
        "user": [
            "prob_solv"
        ],
        "content_type": [
            "contenttypes",
            "contenttype"
        ],
        "object_id": "223",
        "object_repr": "Nigel 1",
        "action_flag": 3,
        "change_message": ""
    }
},
{
    "model": "admin.logentry",
    "pk": 157,
    "fields": {
        "action_time": "2017-11-09T00:19:59.179Z",
        "user": [
            "prob_solv"
        ],
        "content_type": [
            "contenttypes",
            "contenttype"
        ],
        "object_id": "222",
        "object_repr": "Nigel 1",
        "action_flag": 3,
        "change_message": ""
    }
},
{
    "model": "admin.logentry",
    "pk": 158,
    "fields": {
        "action_time": "2017-11-09T00:19:59.184Z",
        "user": [
            "prob_solv"
        ],
        "content_type": [
            "contenttypes",
            "contenttype"
        ],
        "object_id": "221",
        "object_repr": "Nigel 1",
        "action_flag": 3,
        "change_message": ""
    }
},
{
    "model": "admin.logentry",
    "pk": 159,
    "fields": {
        "action_time": "2017-11-09T00:19:59.188Z",
        "user": [
            "prob_solv"
        ],
        "content_type": [
            "contenttypes",
            "contenttype"
        ],
        "object_id": "220",
        "object_repr": "Nigel 1",
        "action_flag": 3,
        "change_message": ""
    }
},
{
    "model": "admin.logentry",
    "pk": 160,
    "fields": {
        "action_time": "2017-11-09T00:19:59.192Z",
        "user": [
            "prob_solv"
        ],
        "content_type": [
            "contenttypes",
            "contenttype"
        ],
        "object_id": "219",
        "object_repr": "Nigel 1",
        "action_flag": 3,
        "change_message": ""
    }
},
{
    "model": "admin.logentry",
    "pk": 161,
    "fields": {
        "action_time": "2017-11-09T00:19:59.197Z",
        "user": [
            "prob_solv"
        ],
        "content_type": [
            "contenttypes",
            "contenttype"
        ],
        "object_id": "218",
        "object_repr": "Nigel 1",
        "action_flag": 3,
        "change_message": ""
    }
},
{
    "model": "admin.logentry",
    "pk": 162,
    "fields": {
        "action_time": "2017-11-09T00:19:59.206Z",
        "user": [
            "prob_solv"
        ],
        "content_type": [
            "contenttypes",
            "contenttype"
        ],
        "object_id": "217",
        "object_repr": "Nigel 1",
        "action_flag": 3,
        "change_message": ""
    }
},
{
    "model": "admin.logentry",
    "pk": 163,
    "fields": {
        "action_time": "2017-11-09T00:19:59.214Z",
        "user": [
            "prob_solv"
        ],
        "content_type": [
            "contenttypes",
            "contenttype"
        ],
        "object_id": "216",
        "object_repr": "Nigel 1",
        "action_flag": 3,
        "change_message": ""
    }
},
{
    "model": "admin.logentry",
    "pk": 164,
    "fields": {
        "action_time": "2017-11-09T00:19:59.219Z",
        "user": [
            "prob_solv"
        ],
        "content_type": [
            "contenttypes",
            "contenttype"
        ],
        "object_id": "215",
        "object_repr": "Nigel 1",
        "action_flag": 3,
        "change_message": ""
    }
},
{
    "model": "admin.logentry",
    "pk": 165,
    "fields": {
        "action_time": "2017-11-09T00:19:59.226Z",
        "user": [
            "prob_solv"
        ],
        "content_type": [
            "contenttypes",
            "contenttype"
        ],
        "object_id": "214",
        "object_repr": "Nigel 1",
        "action_flag": 3,
        "change_message": ""
    }
},
{
    "model": "admin.logentry",
    "pk": 166,
    "fields": {
        "action_time": "2017-11-09T00:19:59.232Z",
        "user": [
            "prob_solv"
        ],
        "content_type": [
            "contenttypes",
            "contenttype"
        ],
        "object_id": "213",
        "object_repr": "Nigel 1",
        "action_flag": 3,
        "change_message": ""
    }
},
{
    "model": "admin.logentry",
    "pk": 167,
    "fields": {
        "action_time": "2017-11-09T00:19:59.239Z",
        "user": [
            "prob_solv"
        ],
        "content_type": [
            "contenttypes",
            "contenttype"
        ],
        "object_id": "212",
        "object_repr": "Nigel 1",
        "action_flag": 3,
        "change_message": ""
    }
},
{
    "model": "admin.logentry",
    "pk": 168,
    "fields": {
        "action_time": "2017-11-09T00:19:59.243Z",
        "user": [
            "prob_solv"
        ],
        "content_type": [
            "contenttypes",
            "contenttype"
        ],
        "object_id": "211",
        "object_repr": "Nigel 1",
        "action_flag": 3,
        "change_message": ""
    }
},
{
    "model": "admin.logentry",
    "pk": 169,
    "fields": {
        "action_time": "2017-11-09T00:19:59.248Z",
        "user": [
            "prob_solv"
        ],
        "content_type": [
            "contenttypes",
            "contenttype"
        ],
        "object_id": "210",
        "object_repr": "Nigel 1",
        "action_flag": 3,
        "change_message": ""
    }
},
{
    "model": "admin.logentry",
    "pk": 170,
    "fields": {
        "action_time": "2017-11-09T00:19:59.253Z",
        "user": [
            "prob_solv"
        ],
        "content_type": [
            "contenttypes",
            "contenttype"
        ],
        "object_id": "209",
        "object_repr": "Nigel 1",
        "action_flag": 3,
        "change_message": ""
    }
},
{
    "model": "admin.logentry",
    "pk": 171,
    "fields": {
        "action_time": "2017-11-09T00:19:59.257Z",
        "user": [
            "prob_solv"
        ],
        "content_type": [
            "contenttypes",
            "contenttype"
        ],
        "object_id": "208",
        "object_repr": "Nigel 1",
        "action_flag": 3,
        "change_message": ""
    }
},
{
    "model": "admin.logentry",
    "pk": 172,
    "fields": {
        "action_time": "2017-11-09T00:19:59.261Z",
        "user": [
            "prob_solv"
        ],
        "content_type": [
            "contenttypes",
            "contenttype"
        ],
        "object_id": "207",
        "object_repr": "Nigel 1",
        "action_flag": 3,
        "change_message": ""
    }
},
{
    "model": "admin.logentry",
    "pk": 173,
    "fields": {
        "action_time": "2017-11-09T00:19:59.266Z",
        "user": [
            "prob_solv"
        ],
        "content_type": [
            "contenttypes",
            "contenttype"
        ],
        "object_id": "206",
        "object_repr": "Nigel 1",
        "action_flag": 3,
        "change_message": ""
    }
},
{
    "model": "admin.logentry",
    "pk": 174,
    "fields": {
        "action_time": "2017-11-09T00:19:59.270Z",
        "user": [
            "prob_solv"
        ],
        "content_type": [
            "contenttypes",
            "contenttype"
        ],
        "object_id": "205",
        "object_repr": "Nigel 1",
        "action_flag": 3,
        "change_message": ""
    }
},
{
    "model": "admin.logentry",
    "pk": 175,
    "fields": {
        "action_time": "2017-11-09T00:19:59.274Z",
        "user": [
            "prob_solv"
        ],
        "content_type": [
            "contenttypes",
            "contenttype"
        ],
        "object_id": "204",
        "object_repr": "Nigel 1",
        "action_flag": 3,
        "change_message": ""
    }
},
{
    "model": "admin.logentry",
    "pk": 176,
    "fields": {
        "action_time": "2017-11-09T00:19:59.278Z",
        "user": [
            "prob_solv"
        ],
        "content_type": [
            "contenttypes",
            "contenttype"
        ],
        "object_id": "203",
        "object_repr": "Nigel 1",
        "action_flag": 3,
        "change_message": ""
    }
},
{
    "model": "admin.logentry",
    "pk": 177,
    "fields": {
        "action_time": "2017-11-09T00:19:59.282Z",
        "user": [
            "prob_solv"
        ],
        "content_type": [
            "contenttypes",
            "contenttype"
        ],
        "object_id": "202",
        "object_repr": "Nigel 1",
        "action_flag": 3,
        "change_message": ""
    }
},
{
    "model": "admin.logentry",
    "pk": 178,
    "fields": {
        "action_time": "2017-11-09T00:19:59.289Z",
        "user": [
            "prob_solv"
        ],
        "content_type": [
            "contenttypes",
            "contenttype"
        ],
        "object_id": "201",
        "object_repr": "Nigel 1",
        "action_flag": 3,
        "change_message": ""
    }
},
{
    "model": "admin.logentry",
    "pk": 179,
    "fields": {
        "action_time": "2017-11-09T00:19:59.293Z",
        "user": [
            "prob_solv"
        ],
        "content_type": [
            "contenttypes",
            "contenttype"
        ],
        "object_id": "200",
        "object_repr": "Nigel 1",
        "action_flag": 3,
        "change_message": ""
    }
},
{
    "model": "admin.logentry",
    "pk": 180,
    "fields": {
        "action_time": "2017-11-09T00:19:59.297Z",
        "user": [
            "prob_solv"
        ],
        "content_type": [
            "contenttypes",
            "contenttype"
        ],
        "object_id": "199",
        "object_repr": "Nigel 1",
        "action_flag": 3,
        "change_message": ""
    }
},
{
    "model": "admin.logentry",
    "pk": 181,
    "fields": {
        "action_time": "2017-11-09T00:19:59.302Z",
        "user": [
            "prob_solv"
        ],
        "content_type": [
            "contenttypes",
            "contenttype"
        ],
        "object_id": "198",
        "object_repr": "Nigel 1",
        "action_flag": 3,
        "change_message": ""
    }
},
{
    "model": "admin.logentry",
    "pk": 182,
    "fields": {
        "action_time": "2017-11-09T00:19:59.306Z",
        "user": [
            "prob_solv"
        ],
        "content_type": [
            "contenttypes",
            "contenttype"
        ],
        "object_id": "197",
        "object_repr": "Nigel 1",
        "action_flag": 3,
        "change_message": ""
    }
},
{
    "model": "admin.logentry",
    "pk": 183,
    "fields": {
        "action_time": "2017-11-09T00:19:59.311Z",
        "user": [
            "prob_solv"
        ],
        "content_type": [
            "contenttypes",
            "contenttype"
        ],
        "object_id": "196",
        "object_repr": "Nigel 1",
        "action_flag": 3,
        "change_message": ""
    }
},
{
    "model": "admin.logentry",
    "pk": 184,
    "fields": {
        "action_time": "2017-11-09T00:19:59.315Z",
        "user": [
            "prob_solv"
        ],
        "content_type": [
            "contenttypes",
            "contenttype"
        ],
        "object_id": "195",
        "object_repr": "Nigel 1",
        "action_flag": 3,
        "change_message": ""
    }
},
{
    "model": "admin.logentry",
    "pk": 185,
    "fields": {
        "action_time": "2017-11-09T00:19:59.319Z",
        "user": [
            "prob_solv"
        ],
        "content_type": [
            "contenttypes",
            "contenttype"
        ],
        "object_id": "194",
        "object_repr": "Nigel 1",
        "action_flag": 3,
        "change_message": ""
    }
},
{
    "model": "admin.logentry",
    "pk": 186,
    "fields": {
        "action_time": "2017-11-09T00:19:59.324Z",
        "user": [
            "prob_solv"
        ],
        "content_type": [
            "contenttypes",
            "contenttype"
        ],
        "object_id": "193",
        "object_repr": "Nigel 1",
        "action_flag": 3,
        "change_message": ""
    }
},
{
    "model": "admin.logentry",
    "pk": 187,
    "fields": {
        "action_time": "2017-11-09T00:19:59.330Z",
        "user": [
            "prob_solv"
        ],
        "content_type": [
            "contenttypes",
            "contenttype"
        ],
        "object_id": "192",
        "object_repr": "Nigel 1",
        "action_flag": 3,
        "change_message": ""
    }
},
{
    "model": "admin.logentry",
    "pk": 188,
    "fields": {
        "action_time": "2017-11-09T00:19:59.334Z",
        "user": [
            "prob_solv"
        ],
        "content_type": [
            "contenttypes",
            "contenttype"
        ],
        "object_id": "191",
        "object_repr": "Nigel 1",
        "action_flag": 3,
        "change_message": ""
    }
},
{
    "model": "admin.logentry",
    "pk": 189,
    "fields": {
        "action_time": "2017-11-09T00:19:59.340Z",
        "user": [
            "prob_solv"
        ],
        "content_type": [
            "contenttypes",
            "contenttype"
        ],
        "object_id": "190",
        "object_repr": "Nigel 1",
        "action_flag": 3,
        "change_message": ""
    }
},
{
    "model": "admin.logentry",
    "pk": 190,
    "fields": {
        "action_time": "2017-11-09T00:19:59.345Z",
        "user": [
            "prob_solv"
        ],
        "content_type": [
            "contenttypes",
            "contenttype"
        ],
        "object_id": "189",
        "object_repr": "Nigel 1",
        "action_flag": 3,
        "change_message": ""
    }
},
{
    "model": "admin.logentry",
    "pk": 191,
    "fields": {
        "action_time": "2017-11-09T00:19:59.350Z",
        "user": [
            "prob_solv"
        ],
        "content_type": [
            "contenttypes",
            "contenttype"
        ],
        "object_id": "188",
        "object_repr": "Nigel 1",
        "action_flag": 3,
        "change_message": ""
    }
},
{
    "model": "admin.logentry",
    "pk": 192,
    "fields": {
        "action_time": "2017-11-09T00:19:59.353Z",
        "user": [
            "prob_solv"
        ],
        "content_type": [
            "contenttypes",
            "contenttype"
        ],
        "object_id": "187",
        "object_repr": "Nigel 1",
        "action_flag": 3,
        "change_message": ""
    }
},
{
    "model": "admin.logentry",
    "pk": 193,
    "fields": {
        "action_time": "2017-11-09T00:19:59.357Z",
        "user": [
            "prob_solv"
        ],
        "content_type": [
            "contenttypes",
            "contenttype"
        ],
        "object_id": "186",
        "object_repr": "Nigel 1",
        "action_flag": 3,
        "change_message": ""
    }
},
{
    "model": "admin.logentry",
    "pk": 194,
    "fields": {
        "action_time": "2017-11-09T00:19:59.366Z",
        "user": [
            "prob_solv"
        ],
        "content_type": [
            "contenttypes",
            "contenttype"
        ],
        "object_id": "185",
        "object_repr": "Nigel 1",
        "action_flag": 3,
        "change_message": ""
    }
},
{
    "model": "admin.logentry",
    "pk": 195,
    "fields": {
        "action_time": "2017-11-09T00:19:59.370Z",
        "user": [
            "prob_solv"
        ],
        "content_type": [
            "contenttypes",
            "contenttype"
        ],
        "object_id": "184",
        "object_repr": "Nigel 1",
        "action_flag": 3,
        "change_message": ""
    }
},
{
    "model": "admin.logentry",
    "pk": 196,
    "fields": {
        "action_time": "2017-11-09T00:19:59.375Z",
        "user": [
            "prob_solv"
        ],
        "content_type": [
            "contenttypes",
            "contenttype"
        ],
        "object_id": "183",
        "object_repr": "Nigel 1",
        "action_flag": 3,
        "change_message": ""
    }
},
{
    "model": "admin.logentry",
    "pk": 197,
    "fields": {
        "action_time": "2017-11-09T00:19:59.379Z",
        "user": [
            "prob_solv"
        ],
        "content_type": [
            "contenttypes",
            "contenttype"
        ],
        "object_id": "182",
        "object_repr": "Nigel 1",
        "action_flag": 3,
        "change_message": ""
    }
},
{
    "model": "admin.logentry",
    "pk": 198,
    "fields": {
        "action_time": "2017-11-09T00:19:59.385Z",
        "user": [
            "prob_solv"
        ],
        "content_type": [
            "contenttypes",
            "contenttype"
        ],
        "object_id": "181",
        "object_repr": "Nigel 1",
        "action_flag": 3,
        "change_message": ""
    }
},
{
    "model": "admin.logentry",
    "pk": 199,
    "fields": {
        "action_time": "2017-11-09T00:19:59.394Z",
        "user": [
            "prob_solv"
        ],
        "content_type": [
            "contenttypes",
            "contenttype"
        ],
        "object_id": "180",
        "object_repr": "Nigel 1",
        "action_flag": 3,
        "change_message": ""
    }
},
{
    "model": "admin.logentry",
    "pk": 200,
    "fields": {
        "action_time": "2017-11-09T00:19:59.399Z",
        "user": [
            "prob_solv"
        ],
        "content_type": [
            "contenttypes",
            "contenttype"
        ],
        "object_id": "179",
        "object_repr": "Nigel 1",
        "action_flag": 3,
        "change_message": ""
    }
},
{
    "model": "admin.logentry",
    "pk": 201,
    "fields": {
        "action_time": "2017-11-09T00:19:59.405Z",
        "user": [
            "prob_solv"
        ],
        "content_type": [
            "contenttypes",
            "contenttype"
        ],
        "object_id": "178",
        "object_repr": "Nigel 1",
        "action_flag": 3,
        "change_message": ""
    }
},
{
    "model": "admin.logentry",
    "pk": 202,
    "fields": {
        "action_time": "2017-11-09T00:19:59.411Z",
        "user": [
            "prob_solv"
        ],
        "content_type": [
            "contenttypes",
            "contenttype"
        ],
        "object_id": "177",
        "object_repr": "Nigel 1",
        "action_flag": 3,
        "change_message": ""
    }
},
{
    "model": "admin.logentry",
    "pk": 203,
    "fields": {
        "action_time": "2017-11-09T00:19:59.416Z",
        "user": [
            "prob_solv"
        ],
        "content_type": [
            "contenttypes",
            "contenttype"
        ],
        "object_id": "176",
        "object_repr": "Nigel 1",
        "action_flag": 3,
        "change_message": ""
    }
},
{
    "model": "admin.logentry",
    "pk": 204,
    "fields": {
        "action_time": "2017-11-09T00:19:59.422Z",
        "user": [
            "prob_solv"
        ],
        "content_type": [
            "contenttypes",
            "contenttype"
        ],
        "object_id": "175",
        "object_repr": "Nigel 1",
        "action_flag": 3,
        "change_message": ""
    }
},
{
    "model": "admin.logentry",
    "pk": 205,
    "fields": {
        "action_time": "2017-11-09T00:19:59.427Z",
        "user": [
            "prob_solv"
        ],
        "content_type": [
            "contenttypes",
            "contenttype"
        ],
        "object_id": "174",
        "object_repr": "Nigel 1",
        "action_flag": 3,
        "change_message": ""
    }
},
{
    "model": "admin.logentry",
    "pk": 206,
    "fields": {
        "action_time": "2017-11-09T00:19:59.431Z",
        "user": [
            "prob_solv"
        ],
        "content_type": [
            "contenttypes",
            "contenttype"
        ],
        "object_id": "173",
        "object_repr": "Nigel 1",
        "action_flag": 3,
        "change_message": ""
    }
},
{
    "model": "admin.logentry",
    "pk": 207,
    "fields": {
        "action_time": "2017-11-09T00:19:59.435Z",
        "user": [
            "prob_solv"
        ],
        "content_type": [
            "contenttypes",
            "contenttype"
        ],
        "object_id": "172",
        "object_repr": "Nigel 1",
        "action_flag": 3,
        "change_message": ""
    }
},
{
    "model": "admin.logentry",
    "pk": 208,
    "fields": {
        "action_time": "2017-11-09T00:19:59.440Z",
        "user": [
            "prob_solv"
        ],
        "content_type": [
            "contenttypes",
            "contenttype"
        ],
        "object_id": "171",
        "object_repr": "Nigel 1",
        "action_flag": 3,
        "change_message": ""
    }
},
{
    "model": "admin.logentry",
    "pk": 209,
    "fields": {
        "action_time": "2017-11-09T00:19:59.444Z",
        "user": [
            "prob_solv"
        ],
        "content_type": [
            "contenttypes",
            "contenttype"
        ],
        "object_id": "170",
        "object_repr": "Nigel 1",
        "action_flag": 3,
        "change_message": ""
    }
},
{
    "model": "admin.logentry",
    "pk": 210,
    "fields": {
        "action_time": "2017-11-09T00:19:59.453Z",
        "user": [
            "prob_solv"
        ],
        "content_type": [
            "contenttypes",
            "contenttype"
        ],
        "object_id": "169",
        "object_repr": "Nigel 1",
        "action_flag": 3,
        "change_message": ""
    }
},
{
    "model": "admin.logentry",
    "pk": 211,
    "fields": {
        "action_time": "2017-11-09T00:19:59.457Z",
        "user": [
            "prob_solv"
        ],
        "content_type": [
            "contenttypes",
            "contenttype"
        ],
        "object_id": "168",
        "object_repr": "Nigel 1",
        "action_flag": 3,
        "change_message": ""
    }
},
{
    "model": "admin.logentry",
    "pk": 212,
    "fields": {
        "action_time": "2017-11-09T00:19:59.461Z",
        "user": [
            "prob_solv"
        ],
        "content_type": [
            "contenttypes",
            "contenttype"
        ],
        "object_id": "167",
        "object_repr": "Nigel 1",
        "action_flag": 3,
        "change_message": ""
    }
},
{
    "model": "admin.logentry",
    "pk": 213,
    "fields": {
        "action_time": "2017-11-09T00:19:59.467Z",
        "user": [
            "prob_solv"
        ],
        "content_type": [
            "contenttypes",
            "contenttype"
        ],
        "object_id": "166",
        "object_repr": "Nigel 1",
        "action_flag": 3,
        "change_message": ""
    }
},
{
    "model": "admin.logentry",
    "pk": 214,
    "fields": {
        "action_time": "2017-11-09T00:19:59.472Z",
        "user": [
            "prob_solv"
        ],
        "content_type": [
            "contenttypes",
            "contenttype"
        ],
        "object_id": "165",
        "object_repr": "Nigel 1",
        "action_flag": 3,
        "change_message": ""
    }
},
{
    "model": "admin.logentry",
    "pk": 215,
    "fields": {
        "action_time": "2017-11-09T00:19:59.477Z",
        "user": [
            "prob_solv"
        ],
        "content_type": [
            "contenttypes",
            "contenttype"
        ],
        "object_id": "164",
        "object_repr": "Nigel 1",
        "action_flag": 3,
        "change_message": ""
    }
},
{
    "model": "admin.logentry",
    "pk": 216,
    "fields": {
        "action_time": "2017-11-09T00:19:59.483Z",
        "user": [
            "prob_solv"
        ],
        "content_type": [
            "contenttypes",
            "contenttype"
        ],
        "object_id": "163",
        "object_repr": "Nigel 1",
        "action_flag": 3,
        "change_message": ""
    }
},
{
    "model": "admin.logentry",
    "pk": 217,
    "fields": {
        "action_time": "2017-11-09T00:19:59.489Z",
        "user": [
            "prob_solv"
        ],
        "content_type": [
            "contenttypes",
            "contenttype"
        ],
        "object_id": "162",
        "object_repr": "Nigel 1",
        "action_flag": 3,
        "change_message": ""
    }
},
{
    "model": "admin.logentry",
    "pk": 218,
    "fields": {
        "action_time": "2017-11-09T00:19:59.494Z",
        "user": [
            "prob_solv"
        ],
        "content_type": [
            "contenttypes",
            "contenttype"
        ],
        "object_id": "161",
        "object_repr": "Nigel 1",
        "action_flag": 3,
        "change_message": ""
    }
},
{
    "model": "admin.logentry",
    "pk": 219,
    "fields": {
        "action_time": "2017-11-09T00:19:59.498Z",
        "user": [
            "prob_solv"
        ],
        "content_type": [
            "contenttypes",
            "contenttype"
        ],
        "object_id": "160",
        "object_repr": "Nigel 1",
        "action_flag": 3,
        "change_message": ""
    }
},
{
    "model": "admin.logentry",
    "pk": 220,
    "fields": {
        "action_time": "2017-11-09T00:19:59.503Z",
        "user": [
            "prob_solv"
        ],
        "content_type": [
            "contenttypes",
            "contenttype"
        ],
        "object_id": "159",
        "object_repr": "Nigel 1",
        "action_flag": 3,
        "change_message": ""
    }
},
{
    "model": "admin.logentry",
    "pk": 221,
    "fields": {
        "action_time": "2017-11-09T00:19:59.507Z",
        "user": [
            "prob_solv"
        ],
        "content_type": [
            "contenttypes",
            "contenttype"
        ],
        "object_id": "158",
        "object_repr": "Nigel 1",
        "action_flag": 3,
        "change_message": ""
    }
},
{
    "model": "admin.logentry",
    "pk": 222,
    "fields": {
        "action_time": "2017-11-09T00:19:59.512Z",
        "user": [
            "prob_solv"
        ],
        "content_type": [
            "contenttypes",
            "contenttype"
        ],
        "object_id": "157",
        "object_repr": "Nigel 1",
        "action_flag": 3,
        "change_message": ""
    }
},
{
    "model": "admin.logentry",
    "pk": 223,
    "fields": {
        "action_time": "2017-11-09T00:19:59.517Z",
        "user": [
            "prob_solv"
        ],
        "content_type": [
            "contenttypes",
            "contenttype"
        ],
        "object_id": "156",
        "object_repr": "Nigel 1",
        "action_flag": 3,
        "change_message": ""
    }
},
{
    "model": "admin.logentry",
    "pk": 224,
    "fields": {
        "action_time": "2017-11-09T00:19:59.523Z",
        "user": [
            "prob_solv"
        ],
        "content_type": [
            "contenttypes",
            "contenttype"
        ],
        "object_id": "155",
        "object_repr": "Nigel 1",
        "action_flag": 3,
        "change_message": ""
    }
},
{
    "model": "admin.logentry",
    "pk": 225,
    "fields": {
        "action_time": "2017-11-09T00:19:59.529Z",
        "user": [
            "prob_solv"
        ],
        "content_type": [
            "contenttypes",
            "contenttype"
        ],
        "object_id": "154",
        "object_repr": "Nigel 1",
        "action_flag": 3,
        "change_message": ""
    }
},
{
    "model": "admin.logentry",
    "pk": 226,
    "fields": {
        "action_time": "2017-11-09T00:19:59.534Z",
        "user": [
            "prob_solv"
        ],
        "content_type": [
            "contenttypes",
            "contenttype"
        ],
        "object_id": "153",
        "object_repr": "Nigel 1",
        "action_flag": 3,
        "change_message": ""
    }
},
{
    "model": "admin.logentry",
    "pk": 227,
    "fields": {
        "action_time": "2017-11-09T00:19:59.540Z",
        "user": [
            "prob_solv"
        ],
        "content_type": [
            "contenttypes",
            "contenttype"
        ],
        "object_id": "152",
        "object_repr": "Nigel 1",
        "action_flag": 3,
        "change_message": ""
    }
},
{
    "model": "admin.logentry",
    "pk": 228,
    "fields": {
        "action_time": "2017-11-09T00:19:59.547Z",
        "user": [
            "prob_solv"
        ],
        "content_type": [
            "contenttypes",
            "contenttype"
        ],
        "object_id": "151",
        "object_repr": "Nigel 1",
        "action_flag": 3,
        "change_message": ""
    }
},
{
    "model": "admin.logentry",
    "pk": 229,
    "fields": {
        "action_time": "2017-11-09T00:19:59.550Z",
        "user": [
            "prob_solv"
        ],
        "content_type": [
            "contenttypes",
            "contenttype"
        ],
        "object_id": "150",
        "object_repr": "Nigel 1",
        "action_flag": 3,
        "change_message": ""
    }
},
{
    "model": "admin.logentry",
    "pk": 230,
    "fields": {
        "action_time": "2017-11-09T00:19:59.554Z",
        "user": [
            "prob_solv"
        ],
        "content_type": [
            "contenttypes",
            "contenttype"
        ],
        "object_id": "149",
        "object_repr": "Nigel 1",
        "action_flag": 3,
        "change_message": ""
    }
},
{
    "model": "admin.logentry",
    "pk": 231,
    "fields": {
        "action_time": "2017-11-09T00:19:59.558Z",
        "user": [
            "prob_solv"
        ],
        "content_type": [
            "contenttypes",
            "contenttype"
        ],
        "object_id": "148",
        "object_repr": "Nigel 1",
        "action_flag": 3,
        "change_message": ""
    }
},
{
    "model": "admin.logentry",
    "pk": 232,
    "fields": {
        "action_time": "2017-11-09T00:19:59.562Z",
        "user": [
            "prob_solv"
        ],
        "content_type": [
            "contenttypes",
            "contenttype"
        ],
        "object_id": "147",
        "object_repr": "Nigel 1",
        "action_flag": 3,
        "change_message": ""
    }
},
{
    "model": "admin.logentry",
    "pk": 233,
    "fields": {
        "action_time": "2017-11-09T00:19:59.569Z",
        "user": [
            "prob_solv"
        ],
        "content_type": [
            "contenttypes",
            "contenttype"
        ],
        "object_id": "146",
        "object_repr": "Nigel 1",
        "action_flag": 3,
        "change_message": ""
    }
},
{
    "model": "admin.logentry",
    "pk": 234,
    "fields": {
        "action_time": "2017-11-09T00:19:59.573Z",
        "user": [
            "prob_solv"
        ],
        "content_type": [
            "contenttypes",
            "contenttype"
        ],
        "object_id": "145",
        "object_repr": "Nigel 1",
        "action_flag": 3,
        "change_message": ""
    }
},
{
    "model": "admin.logentry",
    "pk": 235,
    "fields": {
        "action_time": "2017-11-09T00:19:59.578Z",
        "user": [
            "prob_solv"
        ],
        "content_type": [
            "contenttypes",
            "contenttype"
        ],
        "object_id": "144",
        "object_repr": "Nigel 1",
        "action_flag": 3,
        "change_message": ""
    }
},
{
    "model": "admin.logentry",
    "pk": 236,
    "fields": {
        "action_time": "2017-11-09T00:19:59.583Z",
        "user": [
            "prob_solv"
        ],
        "content_type": [
            "contenttypes",
            "contenttype"
        ],
        "object_id": "143",
        "object_repr": "Nigel 1",
        "action_flag": 3,
        "change_message": ""
    }
},
{
    "model": "admin.logentry",
    "pk": 237,
    "fields": {
        "action_time": "2017-11-09T00:19:59.588Z",
        "user": [
            "prob_solv"
        ],
        "content_type": [
            "contenttypes",
            "contenttype"
        ],
        "object_id": "142",
        "object_repr": "Nigel 1",
        "action_flag": 3,
        "change_message": ""
    }
},
{
    "model": "admin.logentry",
    "pk": 238,
    "fields": {
        "action_time": "2017-11-09T00:19:59.605Z",
        "user": [
            "prob_solv"
        ],
        "content_type": [
            "contenttypes",
            "contenttype"
        ],
        "object_id": "141",
        "object_repr": "Nigel 1",
        "action_flag": 3,
        "change_message": ""
    }
},
{
    "model": "admin.logentry",
    "pk": 239,
    "fields": {
        "action_time": "2017-11-09T00:19:59.612Z",
        "user": [
            "prob_solv"
        ],
        "content_type": [
            "contenttypes",
            "contenttype"
        ],
        "object_id": "140",
        "object_repr": "Nigel 1",
        "action_flag": 3,
        "change_message": ""
    }
},
{
    "model": "admin.logentry",
    "pk": 240,
    "fields": {
        "action_time": "2017-11-09T00:20:06.108Z",
        "user": [
            "prob_solv"
        ],
        "content_type": [
            "contenttypes",
            "contenttype"
        ],
        "object_id": "139",
        "object_repr": "Nigel 1",
        "action_flag": 3,
        "change_message": ""
    }
},
{
    "model": "admin.logentry",
    "pk": 241,
    "fields": {
        "action_time": "2017-11-09T00:20:06.115Z",
        "user": [
            "prob_solv"
        ],
        "content_type": [
            "contenttypes",
            "contenttype"
        ],
        "object_id": "138",
        "object_repr": "Nigel 1",
        "action_flag": 3,
        "change_message": ""
    }
},
{
    "model": "admin.logentry",
    "pk": 242,
    "fields": {
        "action_time": "2017-11-09T00:20:06.120Z",
        "user": [
            "prob_solv"
        ],
        "content_type": [
            "contenttypes",
            "contenttype"
        ],
        "object_id": "137",
        "object_repr": "Nigel 1",
        "action_flag": 3,
        "change_message": ""
    }
},
{
    "model": "admin.logentry",
    "pk": 243,
    "fields": {
        "action_time": "2017-11-09T00:20:06.126Z",
        "user": [
            "prob_solv"
        ],
        "content_type": [
            "contenttypes",
            "contenttype"
        ],
        "object_id": "136",
        "object_repr": "Nigel 1",
        "action_flag": 3,
        "change_message": ""
    }
},
{
    "model": "admin.logentry",
    "pk": 244,
    "fields": {
        "action_time": "2017-11-09T00:20:06.132Z",
        "user": [
            "prob_solv"
        ],
        "content_type": [
            "contenttypes",
            "contenttype"
        ],
        "object_id": "135",
        "object_repr": "Nigel 1",
        "action_flag": 3,
        "change_message": ""
    }
},
{
    "model": "admin.logentry",
    "pk": 245,
    "fields": {
        "action_time": "2017-11-09T00:20:06.137Z",
        "user": [
            "prob_solv"
        ],
        "content_type": [
            "contenttypes",
            "contenttype"
        ],
        "object_id": "134",
        "object_repr": "Nigel 1",
        "action_flag": 3,
        "change_message": ""
    }
},
{
    "model": "admin.logentry",
    "pk": 246,
    "fields": {
        "action_time": "2017-11-09T00:20:06.142Z",
        "user": [
            "prob_solv"
        ],
        "content_type": [
            "contenttypes",
            "contenttype"
        ],
        "object_id": "133",
        "object_repr": "Nigel 1",
        "action_flag": 3,
        "change_message": ""
    }
},
{
    "model": "admin.logentry",
    "pk": 247,
    "fields": {
        "action_time": "2017-11-09T00:20:06.146Z",
        "user": [
            "prob_solv"
        ],
        "content_type": [
            "contenttypes",
            "contenttype"
        ],
        "object_id": "132",
        "object_repr": "Nigel 1",
        "action_flag": 3,
        "change_message": ""
    }
},
{
    "model": "admin.logentry",
    "pk": 248,
    "fields": {
        "action_time": "2017-11-09T00:20:06.156Z",
        "user": [
            "prob_solv"
        ],
        "content_type": [
            "contenttypes",
            "contenttype"
        ],
        "object_id": "131",
        "object_repr": "Nigel 1",
        "action_flag": 3,
        "change_message": ""
    }
},
{
    "model": "admin.logentry",
    "pk": 249,
    "fields": {
        "action_time": "2017-11-09T00:20:06.162Z",
        "user": [
            "prob_solv"
        ],
        "content_type": [
            "contenttypes",
            "contenttype"
        ],
        "object_id": "130",
        "object_repr": "Nigel 1",
        "action_flag": 3,
        "change_message": ""
    }
},
{
    "model": "admin.logentry",
    "pk": 250,
    "fields": {
        "action_time": "2017-11-09T00:20:06.167Z",
        "user": [
            "prob_solv"
        ],
        "content_type": [
            "contenttypes",
            "contenttype"
        ],
        "object_id": "129",
        "object_repr": "Nigel 1",
        "action_flag": 3,
        "change_message": ""
    }
},
{
    "model": "admin.logentry",
    "pk": 251,
    "fields": {
        "action_time": "2017-11-09T00:20:06.171Z",
        "user": [
            "prob_solv"
        ],
        "content_type": [
            "contenttypes",
            "contenttype"
        ],
        "object_id": "128",
        "object_repr": "Nigel 1",
        "action_flag": 3,
        "change_message": ""
    }
},
{
    "model": "admin.logentry",
    "pk": 252,
    "fields": {
        "action_time": "2017-11-09T00:20:06.176Z",
        "user": [
            "prob_solv"
        ],
        "content_type": [
            "contenttypes",
            "contenttype"
        ],
        "object_id": "127",
        "object_repr": "Nigel 1",
        "action_flag": 3,
        "change_message": ""
    }
},
{
    "model": "admin.logentry",
    "pk": 253,
    "fields": {
        "action_time": "2017-11-09T00:20:06.180Z",
        "user": [
            "prob_solv"
        ],
        "content_type": [
            "contenttypes",
            "contenttype"
        ],
        "object_id": "126",
        "object_repr": "Nigel 1",
        "action_flag": 3,
        "change_message": ""
    }
},
{
    "model": "admin.logentry",
    "pk": 254,
    "fields": {
        "action_time": "2017-11-09T00:20:06.186Z",
        "user": [
            "prob_solv"
        ],
        "content_type": [
            "contenttypes",
            "contenttype"
        ],
        "object_id": "125",
        "object_repr": "Nigel 1",
        "action_flag": 3,
        "change_message": ""
    }
},
{
    "model": "admin.logentry",
    "pk": 255,
    "fields": {
        "action_time": "2017-11-09T00:20:06.191Z",
        "user": [
            "prob_solv"
        ],
        "content_type": [
            "contenttypes",
            "contenttype"
        ],
        "object_id": "124",
        "object_repr": "Nigel 1",
        "action_flag": 3,
        "change_message": ""
    }
},
{
    "model": "admin.logentry",
    "pk": 256,
    "fields": {
        "action_time": "2017-11-09T00:20:06.195Z",
        "user": [
            "prob_solv"
        ],
        "content_type": [
            "contenttypes",
            "contenttype"
        ],
        "object_id": "123",
        "object_repr": "Nigel 1",
        "action_flag": 3,
        "change_message": ""
    }
},
{
    "model": "admin.logentry",
    "pk": 257,
    "fields": {
        "action_time": "2017-11-09T00:20:06.200Z",
        "user": [
            "prob_solv"
        ],
        "content_type": [
            "contenttypes",
            "contenttype"
        ],
        "object_id": "122",
        "object_repr": "Nigel 1",
        "action_flag": 3,
        "change_message": ""
    }
},
{
    "model": "admin.logentry",
    "pk": 258,
    "fields": {
        "action_time": "2017-11-09T00:20:06.207Z",
        "user": [
            "prob_solv"
        ],
        "content_type": [
            "contenttypes",
            "contenttype"
        ],
        "object_id": "121",
        "object_repr": "Nigel 1",
        "action_flag": 3,
        "change_message": ""
    }
},
{
    "model": "admin.logentry",
    "pk": 259,
    "fields": {
        "action_time": "2017-11-09T00:20:06.212Z",
        "user": [
            "prob_solv"
        ],
        "content_type": [
            "contenttypes",
            "contenttype"
        ],
        "object_id": "120",
        "object_repr": "Nigel 1",
        "action_flag": 3,
        "change_message": ""
    }
},
{
    "model": "admin.logentry",
    "pk": 260,
    "fields": {
        "action_time": "2017-11-09T00:20:06.216Z",
        "user": [
            "prob_solv"
        ],
        "content_type": [
            "contenttypes",
            "contenttype"
        ],
        "object_id": "119",
        "object_repr": "Nigel 1",
        "action_flag": 3,
        "change_message": ""
    }
},
{
    "model": "admin.logentry",
    "pk": 261,
    "fields": {
        "action_time": "2017-11-09T00:20:06.220Z",
        "user": [
            "prob_solv"
        ],
        "content_type": [
            "contenttypes",
            "contenttype"
        ],
        "object_id": "118",
        "object_repr": "Nigel 1",
        "action_flag": 3,
        "change_message": ""
    }
},
{
    "model": "admin.logentry",
    "pk": 262,
    "fields": {
        "action_time": "2017-11-09T00:20:06.225Z",
        "user": [
            "prob_solv"
        ],
        "content_type": [
            "contenttypes",
            "contenttype"
        ],
        "object_id": "117",
        "object_repr": "Nigel 1",
        "action_flag": 3,
        "change_message": ""
    }
},
{
    "model": "admin.logentry",
    "pk": 263,
    "fields": {
        "action_time": "2017-11-09T00:20:06.229Z",
        "user": [
            "prob_solv"
        ],
        "content_type": [
            "contenttypes",
            "contenttype"
        ],
        "object_id": "116",
        "object_repr": "Nigel 1",
        "action_flag": 3,
        "change_message": ""
    }
},
{
    "model": "admin.logentry",
    "pk": 264,
    "fields": {
        "action_time": "2017-11-09T00:20:06.233Z",
        "user": [
            "prob_solv"
        ],
        "content_type": [
            "contenttypes",
            "contenttype"
        ],
        "object_id": "115",
        "object_repr": "Nigel 1",
        "action_flag": 3,
        "change_message": ""
    }
},
{
    "model": "admin.logentry",
    "pk": 265,
    "fields": {
        "action_time": "2017-11-09T00:20:06.240Z",
        "user": [
            "prob_solv"
        ],
        "content_type": [
            "contenttypes",
            "contenttype"
        ],
        "object_id": "114",
        "object_repr": "Nigel 1",
        "action_flag": 3,
        "change_message": ""
    }
},
{
    "model": "admin.logentry",
    "pk": 266,
    "fields": {
        "action_time": "2017-11-09T00:20:06.246Z",
        "user": [
            "prob_solv"
        ],
        "content_type": [
            "contenttypes",
            "contenttype"
        ],
        "object_id": "113",
        "object_repr": "Nigel 1",
        "action_flag": 3,
        "change_message": ""
    }
},
{
    "model": "admin.logentry",
    "pk": 267,
    "fields": {
        "action_time": "2017-11-09T00:20:06.250Z",
        "user": [
            "prob_solv"
        ],
        "content_type": [
            "contenttypes",
            "contenttype"
        ],
        "object_id": "112",
        "object_repr": "Nigel 1",
        "action_flag": 3,
        "change_message": ""
    }
},
{
    "model": "admin.logentry",
    "pk": 268,
    "fields": {
        "action_time": "2017-11-09T00:20:06.255Z",
        "user": [
            "prob_solv"
        ],
        "content_type": [
            "contenttypes",
            "contenttype"
        ],
        "object_id": "111",
        "object_repr": "Nigel 1",
        "action_flag": 3,
        "change_message": ""
    }
},
{
    "model": "admin.logentry",
    "pk": 269,
    "fields": {
        "action_time": "2017-11-09T00:20:06.259Z",
        "user": [
            "prob_solv"
        ],
        "content_type": [
            "contenttypes",
            "contenttype"
        ],
        "object_id": "110",
        "object_repr": "Nigel 1",
        "action_flag": 3,
        "change_message": ""
    }
},
{
    "model": "admin.logentry",
    "pk": 270,
    "fields": {
        "action_time": "2017-11-09T00:20:06.263Z",
        "user": [
            "prob_solv"
        ],
        "content_type": [
            "contenttypes",
            "contenttype"
        ],
        "object_id": "109",
        "object_repr": "Nigel 1",
        "action_flag": 3,
        "change_message": ""
    }
},
{
    "model": "admin.logentry",
    "pk": 271,
    "fields": {
        "action_time": "2017-11-09T00:20:06.268Z",
        "user": [
            "prob_solv"
        ],
        "content_type": [
            "contenttypes",
            "contenttype"
        ],
        "object_id": "108",
        "object_repr": "Nigel 1",
        "action_flag": 3,
        "change_message": ""
    }
},
{
    "model": "admin.logentry",
    "pk": 272,
    "fields": {
        "action_time": "2017-11-09T00:20:06.273Z",
        "user": [
            "prob_solv"
        ],
        "content_type": [
            "contenttypes",
            "contenttype"
        ],
        "object_id": "107",
        "object_repr": "Nigel 1",
        "action_flag": 3,
        "change_message": ""
    }
},
{
    "model": "admin.logentry",
    "pk": 273,
    "fields": {
        "action_time": "2017-11-09T00:20:06.278Z",
        "user": [
            "prob_solv"
        ],
        "content_type": [
            "contenttypes",
            "contenttype"
        ],
        "object_id": "106",
        "object_repr": "Nigel 1",
        "action_flag": 3,
        "change_message": ""
    }
},
{
    "model": "admin.logentry",
    "pk": 274,
    "fields": {
        "action_time": "2017-11-09T00:20:06.282Z",
        "user": [
            "prob_solv"
        ],
        "content_type": [
            "contenttypes",
            "contenttype"
        ],
        "object_id": "105",
        "object_repr": "Nigel 1",
        "action_flag": 3,
        "change_message": ""
    }
},
{
    "model": "admin.logentry",
    "pk": 275,
    "fields": {
        "action_time": "2017-11-09T00:20:06.286Z",
        "user": [
            "prob_solv"
        ],
        "content_type": [
            "contenttypes",
            "contenttype"
        ],
        "object_id": "104",
        "object_repr": "Nigel 1",
        "action_flag": 3,
        "change_message": ""
    }
},
{
    "model": "admin.logentry",
    "pk": 276,
    "fields": {
        "action_time": "2017-11-09T00:20:06.291Z",
        "user": [
            "prob_solv"
        ],
        "content_type": [
            "contenttypes",
            "contenttype"
        ],
        "object_id": "103",
        "object_repr": "Nigel 1",
        "action_flag": 3,
        "change_message": ""
    }
},
{
    "model": "admin.logentry",
    "pk": 277,
    "fields": {
        "action_time": "2017-11-09T00:20:06.298Z",
        "user": [
            "prob_solv"
        ],
        "content_type": [
            "contenttypes",
            "contenttype"
        ],
        "object_id": "102",
        "object_repr": "Nigel 1",
        "action_flag": 3,
        "change_message": ""
    }
},
{
    "model": "admin.logentry",
    "pk": 278,
    "fields": {
        "action_time": "2017-11-09T00:20:06.302Z",
        "user": [
            "prob_solv"
        ],
        "content_type": [
            "contenttypes",
            "contenttype"
        ],
        "object_id": "101",
        "object_repr": "Nigel 1",
        "action_flag": 3,
        "change_message": ""
    }
},
{
    "model": "admin.logentry",
    "pk": 279,
    "fields": {
        "action_time": "2017-11-09T00:20:06.306Z",
        "user": [
            "prob_solv"
        ],
        "content_type": [
            "contenttypes",
            "contenttype"
        ],
        "object_id": "100",
        "object_repr": "Nigel 1",
        "action_flag": 3,
        "change_message": ""
    }
},
{
    "model": "admin.logentry",
    "pk": 280,
    "fields": {
        "action_time": "2017-11-09T00:20:06.309Z",
        "user": [
            "prob_solv"
        ],
        "content_type": [
            "contenttypes",
            "contenttype"
        ],
        "object_id": "99",
        "object_repr": "Nigel 1",
        "action_flag": 3,
        "change_message": ""
    }
},
{
    "model": "admin.logentry",
    "pk": 281,
    "fields": {
        "action_time": "2017-11-09T00:20:06.316Z",
        "user": [
            "prob_solv"
        ],
        "content_type": [
            "contenttypes",
            "contenttype"
        ],
        "object_id": "98",
        "object_repr": "Nigel 1",
        "action_flag": 3,
        "change_message": ""
    }
},
{
    "model": "admin.logentry",
    "pk": 282,
    "fields": {
        "action_time": "2017-11-09T00:20:06.321Z",
        "user": [
            "prob_solv"
        ],
        "content_type": [
            "contenttypes",
            "contenttype"
        ],
        "object_id": "97",
        "object_repr": "Nigel 1",
        "action_flag": 3,
        "change_message": ""
    }
},
{
    "model": "admin.logentry",
    "pk": 283,
    "fields": {
        "action_time": "2017-11-09T00:20:06.325Z",
        "user": [
            "prob_solv"
        ],
        "content_type": [
            "contenttypes",
            "contenttype"
        ],
        "object_id": "96",
        "object_repr": "Nigel 1",
        "action_flag": 3,
        "change_message": ""
    }
},
{
    "model": "admin.logentry",
    "pk": 284,
    "fields": {
        "action_time": "2017-11-09T00:20:06.331Z",
        "user": [
            "prob_solv"
        ],
        "content_type": [
            "contenttypes",
            "contenttype"
        ],
        "object_id": "95",
        "object_repr": "Nigel 1",
        "action_flag": 3,
        "change_message": ""
    }
},
{
    "model": "admin.logentry",
    "pk": 285,
    "fields": {
        "action_time": "2017-11-09T00:20:06.336Z",
        "user": [
            "prob_solv"
        ],
        "content_type": [
            "contenttypes",
            "contenttype"
        ],
        "object_id": "94",
        "object_repr": "Nigel 1",
        "action_flag": 3,
        "change_message": ""
    }
},
{
    "model": "admin.logentry",
    "pk": 286,
    "fields": {
        "action_time": "2017-11-09T00:20:06.342Z",
        "user": [
            "prob_solv"
        ],
        "content_type": [
            "contenttypes",
            "contenttype"
        ],
        "object_id": "93",
        "object_repr": "Nigel 1",
        "action_flag": 3,
        "change_message": ""
    }
},
{
    "model": "admin.logentry",
    "pk": 287,
    "fields": {
        "action_time": "2017-11-09T00:20:06.346Z",
        "user": [
            "prob_solv"
        ],
        "content_type": [
            "contenttypes",
            "contenttype"
        ],
        "object_id": "92",
        "object_repr": "Nigel 1",
        "action_flag": 3,
        "change_message": ""
    }
},
{
    "model": "admin.logentry",
    "pk": 288,
    "fields": {
        "action_time": "2017-11-09T00:20:06.350Z",
        "user": [
            "prob_solv"
        ],
        "content_type": [
            "contenttypes",
            "contenttype"
        ],
        "object_id": "91",
        "object_repr": "Nigel 1",
        "action_flag": 3,
        "change_message": ""
    }
},
{
    "model": "admin.logentry",
    "pk": 289,
    "fields": {
        "action_time": "2017-11-09T00:20:06.354Z",
        "user": [
            "prob_solv"
        ],
        "content_type": [
            "contenttypes",
            "contenttype"
        ],
        "object_id": "90",
        "object_repr": "Nigel 1",
        "action_flag": 3,
        "change_message": ""
    }
},
{
    "model": "admin.logentry",
    "pk": 290,
    "fields": {
        "action_time": "2017-11-09T00:20:06.359Z",
        "user": [
            "prob_solv"
        ],
        "content_type": [
            "contenttypes",
            "contenttype"
        ],
        "object_id": "89",
        "object_repr": "Nigel 1",
        "action_flag": 3,
        "change_message": ""
    }
},
{
    "model": "admin.logentry",
    "pk": 291,
    "fields": {
        "action_time": "2017-11-09T00:20:06.362Z",
        "user": [
            "prob_solv"
        ],
        "content_type": [
            "contenttypes",
            "contenttype"
        ],
        "object_id": "88",
        "object_repr": "Nigel 1",
        "action_flag": 3,
        "change_message": ""
    }
},
{
    "model": "admin.logentry",
    "pk": 292,
    "fields": {
        "action_time": "2017-11-09T00:20:06.367Z",
        "user": [
            "prob_solv"
        ],
        "content_type": [
            "contenttypes",
            "contenttype"
        ],
        "object_id": "87",
        "object_repr": "Nigel 1",
        "action_flag": 3,
        "change_message": ""
    }
},
{
    "model": "admin.logentry",
    "pk": 293,
    "fields": {
        "action_time": "2017-11-09T00:20:06.372Z",
        "user": [
            "prob_solv"
        ],
        "content_type": [
            "contenttypes",
            "contenttype"
        ],
        "object_id": "86",
        "object_repr": "Nigel 1",
        "action_flag": 3,
        "change_message": ""
    }
},
{
    "model": "admin.logentry",
    "pk": 294,
    "fields": {
        "action_time": "2017-11-09T00:20:06.376Z",
        "user": [
            "prob_solv"
        ],
        "content_type": [
            "contenttypes",
            "contenttype"
        ],
        "object_id": "85",
        "object_repr": "Nigel 1",
        "action_flag": 3,
        "change_message": ""
    }
},
{
    "model": "admin.logentry",
    "pk": 295,
    "fields": {
        "action_time": "2017-11-09T00:20:06.380Z",
        "user": [
            "prob_solv"
        ],
        "content_type": [
            "contenttypes",
            "contenttype"
        ],
        "object_id": "84",
        "object_repr": "Nigel 1",
        "action_flag": 3,
        "change_message": ""
    }
},
{
    "model": "admin.logentry",
    "pk": 296,
    "fields": {
        "action_time": "2017-11-09T00:20:06.384Z",
        "user": [
            "prob_solv"
        ],
        "content_type": [
            "contenttypes",
            "contenttype"
        ],
        "object_id": "83",
        "object_repr": "Nigel 1",
        "action_flag": 3,
        "change_message": ""
    }
},
{
    "model": "admin.logentry",
    "pk": 297,
    "fields": {
        "action_time": "2017-11-09T00:20:06.391Z",
        "user": [
            "prob_solv"
        ],
        "content_type": [
            "contenttypes",
            "contenttype"
        ],
        "object_id": "82",
        "object_repr": "Nigel 1",
        "action_flag": 3,
        "change_message": ""
    }
},
{
    "model": "admin.logentry",
    "pk": 298,
    "fields": {
        "action_time": "2017-11-09T00:20:06.393Z",
        "user": [
            "prob_solv"
        ],
        "content_type": [
            "contenttypes",
            "contenttype"
        ],
        "object_id": "81",
        "object_repr": "Nigel 1",
        "action_flag": 3,
        "change_message": ""
    }
},
{
    "model": "admin.logentry",
    "pk": 299,
    "fields": {
        "action_time": "2017-11-09T00:20:06.398Z",
        "user": [
            "prob_solv"
        ],
        "content_type": [
            "contenttypes",
            "contenttype"
        ],
        "object_id": "80",
        "object_repr": "Nigel 1",
        "action_flag": 3,
        "change_message": ""
    }
},
{
    "model": "admin.logentry",
    "pk": 300,
    "fields": {
        "action_time": "2017-11-09T00:20:06.402Z",
        "user": [
            "prob_solv"
        ],
        "content_type": [
            "contenttypes",
            "contenttype"
        ],
        "object_id": "79",
        "object_repr": "Nigel 1",
        "action_flag": 3,
        "change_message": ""
    }
},
{
    "model": "admin.logentry",
    "pk": 301,
    "fields": {
        "action_time": "2017-11-09T00:20:06.406Z",
        "user": [
            "prob_solv"
        ],
        "content_type": [
            "contenttypes",
            "contenttype"
        ],
        "object_id": "78",
        "object_repr": "Nigel 1",
        "action_flag": 3,
        "change_message": ""
    }
},
{
    "model": "admin.logentry",
    "pk": 302,
    "fields": {
        "action_time": "2017-11-09T00:20:06.410Z",
        "user": [
            "prob_solv"
        ],
        "content_type": [
            "contenttypes",
            "contenttype"
        ],
        "object_id": "77",
        "object_repr": "Nigel 1",
        "action_flag": 3,
        "change_message": ""
    }
},
{
    "model": "admin.logentry",
    "pk": 303,
    "fields": {
        "action_time": "2017-11-09T00:20:06.414Z",
        "user": [
            "prob_solv"
        ],
        "content_type": [
            "contenttypes",
            "contenttype"
        ],
        "object_id": "76",
        "object_repr": "Nigel 1",
        "action_flag": 3,
        "change_message": ""
    }
},
{
    "model": "admin.logentry",
    "pk": 304,
    "fields": {
        "action_time": "2017-11-09T00:20:06.419Z",
        "user": [
            "prob_solv"
        ],
        "content_type": [
            "contenttypes",
            "contenttype"
        ],
        "object_id": "75",
        "object_repr": "Nigel 1",
        "action_flag": 3,
        "change_message": ""
    }
},
{
    "model": "admin.logentry",
    "pk": 305,
    "fields": {
        "action_time": "2017-11-09T00:34:59.775Z",
        "user": [
            "prob_solv"
        ],
        "content_type": [
            "contenttypes",
            "contenttype"
        ],
        "object_id": "380",
        "object_repr": "Nigel 1",
        "action_flag": 3,
        "change_message": ""
    }
},
{
    "model": "admin.logentry",
    "pk": 306,
    "fields": {
        "action_time": "2017-11-09T00:34:59.783Z",
        "user": [
            "prob_solv"
        ],
        "content_type": [
            "contenttypes",
            "contenttype"
        ],
        "object_id": "379",
        "object_repr": "Nigel 1",
        "action_flag": 3,
        "change_message": ""
    }
},
{
    "model": "admin.logentry",
    "pk": 307,
    "fields": {
        "action_time": "2017-11-09T00:34:59.787Z",
        "user": [
            "prob_solv"
        ],
        "content_type": [
            "contenttypes",
            "contenttype"
        ],
        "object_id": "378",
        "object_repr": "Nigel 1",
        "action_flag": 3,
        "change_message": ""
    }
},
{
    "model": "admin.logentry",
    "pk": 308,
    "fields": {
        "action_time": "2017-11-09T00:34:59.791Z",
        "user": [
            "prob_solv"
        ],
        "content_type": [
            "contenttypes",
            "contenttype"
        ],
        "object_id": "377",
        "object_repr": "Nigel 1",
        "action_flag": 3,
        "change_message": ""
    }
},
{
    "model": "admin.logentry",
    "pk": 309,
    "fields": {
        "action_time": "2017-11-09T00:34:59.795Z",
        "user": [
            "prob_solv"
        ],
        "content_type": [
            "contenttypes",
            "contenttype"
        ],
        "object_id": "376",
        "object_repr": "Nigel 1",
        "action_flag": 3,
        "change_message": ""
    }
},
{
    "model": "admin.logentry",
    "pk": 310,
    "fields": {
        "action_time": "2017-11-09T00:34:59.799Z",
        "user": [
            "prob_solv"
        ],
        "content_type": [
            "contenttypes",
            "contenttype"
        ],
        "object_id": "375",
        "object_repr": "Nigel 1",
        "action_flag": 3,
        "change_message": ""
    }
},
{
    "model": "admin.logentry",
    "pk": 311,
    "fields": {
        "action_time": "2017-11-09T00:34:59.803Z",
        "user": [
            "prob_solv"
        ],
        "content_type": [
            "contenttypes",
            "contenttype"
        ],
        "object_id": "374",
        "object_repr": "Nigel 1",
        "action_flag": 3,
        "change_message": ""
    }
},
{
    "model": "admin.logentry",
    "pk": 312,
    "fields": {
        "action_time": "2017-11-09T00:34:59.805Z",
        "user": [
            "prob_solv"
        ],
        "content_type": [
            "contenttypes",
            "contenttype"
        ],
        "object_id": "373",
        "object_repr": "Nigel 1",
        "action_flag": 3,
        "change_message": ""
    }
},
{
    "model": "admin.logentry",
    "pk": 313,
    "fields": {
        "action_time": "2017-11-09T00:34:59.808Z",
        "user": [
            "prob_solv"
        ],
        "content_type": [
            "contenttypes",
            "contenttype"
        ],
        "object_id": "372",
        "object_repr": "Nigel 1",
        "action_flag": 3,
        "change_message": ""
    }
},
{
    "model": "admin.logentry",
    "pk": 314,
    "fields": {
        "action_time": "2017-11-09T00:34:59.815Z",
        "user": [
            "prob_solv"
        ],
        "content_type": [
            "contenttypes",
            "contenttype"
        ],
        "object_id": "371",
        "object_repr": "Nigel 1",
        "action_flag": 3,
        "change_message": ""
    }
},
{
    "model": "admin.logentry",
    "pk": 315,
    "fields": {
        "action_time": "2017-11-09T00:34:59.817Z",
        "user": [
            "prob_solv"
        ],
        "content_type": [
            "contenttypes",
            "contenttype"
        ],
        "object_id": "370",
        "object_repr": "Nigel 1",
        "action_flag": 3,
        "change_message": ""
    }
},
{
    "model": "admin.logentry",
    "pk": 316,
    "fields": {
        "action_time": "2017-11-09T00:34:59.821Z",
        "user": [
            "prob_solv"
        ],
        "content_type": [
            "contenttypes",
            "contenttype"
        ],
        "object_id": "364",
        "object_repr": "nigel 1",
        "action_flag": 3,
        "change_message": ""
    }
},
{
    "model": "admin.logentry",
    "pk": 317,
    "fields": {
        "action_time": "2017-11-09T03:37:44.506Z",
        "user": [
            "prob_solv"
        ],
        "content_type": [
            "contenttypes",
            "contenttype"
        ],
        "object_id": "494",
        "object_repr": "Jerry 1",
        "action_flag": 3,
        "change_message": ""
    }
},
{
    "model": "admin.logentry",
    "pk": 318,
    "fields": {
        "action_time": "2017-11-09T03:37:44.516Z",
        "user": [
            "prob_solv"
        ],
        "content_type": [
            "contenttypes",
            "contenttype"
        ],
        "object_id": "493",
        "object_repr": "Checo 1",
        "action_flag": 3,
        "change_message": ""
    }
},
{
    "model": "admin.logentry",
    "pk": 319,
    "fields": {
        "action_time": "2017-11-09T03:37:44.520Z",
        "user": [
            "prob_solv"
        ],
        "content_type": [
            "contenttypes",
            "contenttype"
        ],
        "object_id": "449",
        "object_repr": "Small Bertha 1",
        "action_flag": 3,
        "change_message": ""
    }
},
{
    "model": "admin.logentry",
    "pk": 320,
    "fields": {
        "action_time": "2017-11-09T03:37:44.523Z",
        "user": [
            "prob_solv"
        ],
        "content_type": [
            "contenttypes",
            "contenttype"
        ],
        "object_id": "448",
        "object_repr": "Kathy 1",
        "action_flag": 3,
        "change_message": ""
    }
},
{
    "model": "admin.logentry",
    "pk": 321,
    "fields": {
        "action_time": "2017-11-09T03:37:44.524Z",
        "user": [
            "prob_solv"
        ],
        "content_type": [
            "contenttypes",
            "contenttype"
        ],
        "object_id": "404",
        "object_repr": "Big Homie 1",
        "action_flag": 3,
        "change_message": ""
    }
},
{
    "model": "admin.logentry",
    "pk": 322,
    "fields": {
        "action_time": "2017-11-09T03:37:44.527Z",
        "user": [
            "prob_solv"
        ],
        "content_type": [
            "contenttypes",
            "contenttype"
        ],
        "object_id": "401",
        "object_repr": "g 1",
        "action_flag": 3,
        "change_message": ""
    }
},
{
    "model": "admin.logentry",
    "pk": 323,
    "fields": {
        "action_time": "2017-11-09T03:37:44.529Z",
        "user": [
            "prob_solv"
        ],
        "content_type": [
            "contenttypes",
            "contenttype"
        ],
        "object_id": "394",
        "object_repr": "Tina 1",
        "action_flag": 3,
        "change_message": ""
    }
},
{
    "model": "admin.logentry",
    "pk": 324,
    "fields": {
        "action_time": "2017-11-09T03:40:39.756Z",
        "user": [
            "prob_solv"
        ],
        "content_type": [
            "contenttypes",
            "contenttype"
        ],
        "object_id": "495",
        "object_repr": "Jerry 1",
        "action_flag": 3,
        "change_message": ""
    }
},
{
    "model": "admin.logentry",
    "pk": 325,
    "fields": {
        "action_time": "2017-11-12T05:04:36.788Z",
        "user": [
            "prob_solv"
        ],
        "content_type": [
            "contenttypes",
            "contenttype"
        ],
        "object_id": "559",
        "object_repr": "Killer J 1",
        "action_flag": 3,
        "change_message": ""
    }
},
{
    "model": "admin.logentry",
    "pk": 326,
    "fields": {
        "action_time": "2017-11-12T05:04:52.810Z",
        "user": [
            "prob_solv"
        ],
        "content_type": [
            "sessions",
            "session"
        ],
        "object_id": "1",
        "object_repr": "Computer Science",
        "action_flag": 1,
        "change_message": "[{\"added\": {}}]"
    }
},
{
    "model": "admin.logentry",
    "pk": 327,
    "fields": {
        "action_time": "2017-11-12T05:04:56.539Z",
        "user": [
            "prob_solv"
        ],
        "content_type": [
            "sessions",
            "session"
        ],
        "object_id": "2",
        "object_repr": "Engineering",
        "action_flag": 1,
        "change_message": "[{\"added\": {}}]"
    }
},
{
    "model": "admin.logentry",
    "pk": 328,
    "fields": {
        "action_time": "2017-11-12T05:05:07.211Z",
        "user": [
            "prob_solv"
        ],
        "content_type": [
            "sessions",
            "session"
        ],
        "object_id": "3",
        "object_repr": "Environmental Science",
        "action_flag": 1,
        "change_message": "[{\"added\": {}}]"
    }
},
{
    "model": "admin.logentry",
    "pk": 329,
    "fields": {
        "action_time": "2017-11-12T05:05:11.112Z",
        "user": [
            "prob_solv"
        ],
        "content_type": [
            "sessions",
            "session"
        ],
        "object_id": "4",
        "object_repr": "Business",
        "action_flag": 1,
        "change_message": "[{\"added\": {}}]"
    }
},
{
    "model": "admin.logentry",
    "pk": 330,
    "fields": {
        "action_time": "2017-11-12T05:05:33.863Z",
        "user": [
            "prob_solv"
        ],
        "content_type": [
            "chat_ws",
            "usersconnected"
        ],
        "object_id": "1",
        "object_repr": "prob_solv",
        "action_flag": 1,
        "change_message": "[{\"added\": {}}]"
    }
},
{
    "model": "admin.logentry",
    "pk": 331,
    "fields": {
        "action_time": "2017-11-12T05:05:39.813Z",
        "user": [
            "prob_solv"
        ],
        "content_type": [
            "chat_ws",
            "usersconnected"
        ],
        "object_id": "2",
        "object_repr": "test_user",
        "action_flag": 1,
        "change_message": "[{\"added\": {}}]"
    }
},
{
    "model": "admin.logentry",
    "pk": 332,
    "fields": {
        "action_time": "2017-11-12T05:07:03.476Z",
        "user": [
            "prob_solv"
        ],
        "content_type": [
            "chat",
            "message"
        ],
        "object_id": "1",
        "object_repr": "Transparency in Government Spending",
        "action_flag": 1,
        "change_message": "[{\"added\": {}}]"
    }
},
{
    "model": "admin.logentry",
    "pk": 333,
    "fields": {
        "action_time": "2017-11-12T05:07:39.155Z",
        "user": [
            "prob_solv"
        ],
        "content_type": [
            "chat",
            "message"
        ],
        "object_id": "1",
        "object_repr": "Transparency in Government Spending",
        "action_flag": 2,
        "change_message": "[{\"changed\": {\"fields\": [\"image\"]}}]"
    }
},
{
    "model": "admin.logentry",
    "pk": 334,
    "fields": {
        "action_time": "2017-11-12T05:08:27.101Z",
        "user": [
            "prob_solv"
        ],
        "content_type": [
            "chat",
            "message"
        ],
        "object_id": "2",
        "object_repr": "Treat Sewage During Storm",
        "action_flag": 1,
        "change_message": "[{\"added\": {}}]"
    }
},
{
    "model": "admin.logentry",
    "pk": 335,
    "fields": {
        "action_time": "2017-11-12T05:08:46.248Z",
        "user": [
            "prob_solv"
        ],
        "content_type": [
            "pages",
            "greeting"
        ],
        "object_id": "1",
        "object_repr": "Cool idea!",
        "action_flag": 1,
        "change_message": "[{\"added\": {}}]"
    }
},
{
    "model": "admin.logentry",
    "pk": 336,
    "fields": {
        "action_time": "2017-11-12T05:09:03.436Z",
        "user": [
            "prob_solv"
        ],
        "content_type": [
            "pages",
            "greeting"
        ],
        "object_id": "2",
        "object_repr": "Thanks everybody!",
        "action_flag": 1,
        "change_message": "[{\"added\": {}}]"
    }
},
{
    "model": "admin.logentry",
    "pk": 337,
    "fields": {
        "action_time": "2017-11-12T05:09:29.396Z",
        "user": [
            "prob_solv"
        ],
        "content_type": [
            "pages",
            "greeting"
        ],
        "object_id": "2",
        "object_repr": "Thanks everybody!",
        "action_flag": 2,
        "change_message": "[{\"changed\": {\"fields\": [\"owner\"]}}]"
    }
},
{
    "model": "admin.logentry",
    "pk": 338,
    "fields": {
        "action_time": "2017-11-15T01:45:32.751Z",
        "user": [
            "prob_solv"
        ],
        "content_type": [
            "social_django",
            "code"
        ],
        "object_id": "3",
        "object_repr": "first",
        "action_flag": 1,
        "change_message": "[{\"added\": {}}]"
    }
},
{
    "model": "admin.logentry",
    "pk": 339,
    "fields": {
        "action_time": "2017-11-15T01:46:21.578Z",
        "user": [
            "prob_solv"
        ],
        "content_type": [
            "chat_ws",
            "usersconnected"
        ],
        "object_id": "3",
        "object_repr": "first",
        "action_flag": 1,
        "change_message": "[{\"added\": {}}]"
    }
},
{
    "model": "admin.logentry",
    "pk": 340,
    "fields": {
        "action_time": "2017-11-15T01:47:07.914Z",
        "user": [
            "prob_solv"
        ],
        "content_type": [
            "chat_ws",
            "usersconnected"
        ],
        "object_id": "3",
        "object_repr": "first",
        "action_flag": 2,
        "change_message": "[{\"changed\": {\"fields\": [\"rank\"]}}]"
    }
},
{
    "model": "admin.logentry",
    "pk": 341,
    "fields": {
        "action_time": "2017-11-15T01:47:18.220Z",
        "user": [
            "prob_solv"
        ],
        "content_type": [
            "chat_ws",
            "usersconnected"
        ],
        "object_id": "2",
        "object_repr": "test_user",
        "action_flag": 2,
        "change_message": "[{\"changed\": {\"fields\": [\"rank\"]}}]"
    }
},
{
    "model": "admin.logentry",
    "pk": 342,
    "fields": {
        "action_time": "2017-11-15T01:47:23.021Z",
        "user": [
            "prob_solv"
        ],
        "content_type": [
            "chat_ws",
            "usersconnected"
        ],
        "object_id": "1",
        "object_repr": "prob_solv",
        "action_flag": 2,
        "change_message": "[{\"changed\": {\"fields\": [\"rank\"]}}]"
    }
},
{
    "model": "admin.logentry",
    "pk": 343,
    "fields": {
        "action_time": "2017-11-15T01:47:47.419Z",
        "user": [
            "prob_solv"
        ],
        "content_type": [
            "social_django",
            "code"
        ],
        "object_id": "4",
        "object_repr": "second",
        "action_flag": 1,
        "change_message": "[{\"added\": {}}]"
    }
},
{
    "model": "admin.logentry",
    "pk": 344,
    "fields": {
        "action_time": "2017-11-15T01:47:52.870Z",
        "user": [
            "prob_solv"
        ],
        "content_type": [
            "chat_ws",
            "usersconnected"
        ],
        "object_id": "4",
        "object_repr": "second",
        "action_flag": 1,
        "change_message": "[{\"added\": {}}]"
    }
},
{
    "model": "admin.logentry",
    "pk": 345,
    "fields": {
        "action_time": "2017-11-15T01:48:27.518Z",
        "user": [
            "prob_solv"
        ],
        "content_type": [
            "social_django",
            "code"
        ],
        "object_id": "5",
        "object_repr": "concatstern",
        "action_flag": 1,
        "change_message": "[{\"added\": {}}]"
    }
},
{
    "model": "admin.logentry",
    "pk": 346,
    "fields": {
        "action_time": "2017-11-15T01:48:36.636Z",
        "user": [
            "prob_solv"
        ],
        "content_type": [
            "chat_ws",
            "usersconnected"
        ],
        "object_id": "5",
        "object_repr": "concatstern",
        "action_flag": 1,
        "change_message": "[{\"added\": {}}]"
    }
},
{
    "model": "admin.logentry",
    "pk": 347,
    "fields": {
        "action_time": "2017-11-15T01:48:56.598Z",
        "user": [
            "prob_solv"
        ],
        "content_type": [
            "social_django",
            "code"
        ],
        "object_id": "6",
        "object_repr": "annoyednotebook",
        "action_flag": 1,
        "change_message": "[{\"added\": {}}]"
    }
},
{
    "model": "admin.logentry",
    "pk": 348,
    "fields": {
        "action_time": "2017-11-15T01:49:03.755Z",
        "user": [
            "prob_solv"
        ],
        "content_type": [
            "chat_ws",
            "usersconnected"
        ],
        "object_id": "6",
        "object_repr": "annoyednotebook",
        "action_flag": 1,
        "change_message": "[{\"added\": {}}]"
    }
},
{
    "model": "admin.logentry",
    "pk": 349,
    "fields": {
        "action_time": "2017-11-24T18:47:33.124Z",
        "user": [
            "prob_solv"
        ],
        "content_type": [
            "chat",
            "message"
        ],
        "object_id": "2",
        "object_repr": "Treat Sewage During Storm",
        "action_flag": 2,
        "change_message": "[]"
    }
},
{
    "model": "admin.logentry",
    "pk": 350,
    "fields": {
        "action_time": "2017-11-24T18:47:45.415Z",
        "user": [
            "prob_solv"
        ],
        "content_type": [
            "chat",
            "message"
        ],
        "object_id": "2",
        "object_repr": "Treat Sewage During Storm",
        "action_flag": 2,
        "change_message": "[]"
    }
},
{
    "model": "admin.logentry",
    "pk": 351,
    "fields": {
        "action_time": "2017-11-24T18:48:10.328Z",
        "user": [
            "prob_solv"
        ],
        "content_type": [
            "chat",
            "message"
        ],
        "object_id": "3",
        "object_repr": "Problem Title",
        "action_flag": 1,
        "change_message": "[{\"added\": {}}]"
    }
},
{
    "model": "admin.logentry",
    "pk": 352,
    "fields": {
        "action_time": "2017-11-24T18:48:47.065Z",
        "user": [
            "prob_solv"
        ],
        "content_type": [
            "chat",
            "message"
        ],
        "object_id": "4",
        "object_repr": "Problem Title",
        "action_flag": 1,
        "change_message": "[{\"added\": {}}]"
    }
},
{
    "model": "admin.logentry",
    "pk": 353,
    "fields": {
        "action_time": "2017-11-24T20:24:23.127Z",
        "user": [
            "prob_solv"
        ],
        "content_type": [
            "chat",
            "message"
        ],
        "object_id": "6",
        "object_repr": "Monterey Peninsula College",
        "action_flag": 3,
        "change_message": ""
    }
},
{
    "model": "admin.logentry",
    "pk": 354,
    "fields": {
        "action_time": "2017-11-24T20:59:41.531Z",
        "user": [
            "prob_solv"
        ],
        "content_type": [
            "social_django",
            "code"
        ],
        "object_id": "10",
        "object_repr": "Bearbear",
        "action_flag": 3,
        "change_message": ""
    }
},
{
    "model": "admin.logentry",
    "pk": 355,
    "fields": {
        "action_time": "2017-11-24T20:59:41.536Z",
        "user": [
            "prob_solv"
        ],
        "content_type": [
            "social_django",
            "code"
        ],
        "object_id": "9",
        "object_repr": "bear",
        "action_flag": 3,
        "change_message": ""
    }
},
{
    "model": "admin.logentry",
    "pk": 356,
    "fields": {
        "action_time": "2017-11-24T20:59:41.541Z",
        "user": [
            "prob_solv"
        ],
        "content_type": [
            "social_django",
            "code"
        ],
        "object_id": "8",
        "object_repr": "poppaa",
        "action_flag": 3,
        "change_message": ""
    }
},
{
    "model": "admin.logentry",
    "pk": 357,
    "fields": {
        "action_time": "2017-11-24T20:59:41.546Z",
        "user": [
            "prob_solv"
        ],
        "content_type": [
            "social_django",
            "code"
        ],
        "object_id": "7",
        "object_repr": "poppabear",
        "action_flag": 3,
        "change_message": ""
    }
},
{
    "model": "admin.logentry",
    "pk": 358,
    "fields": {
        "action_time": "2017-11-24T21:22:04.356Z",
        "user": [
            "prob_solv"
        ],
        "content_type": [
            "chat",
            "message"
        ],
        "object_id": "7",
        "object_repr": "Aloha Overload",
        "action_flag": 2,
        "change_message": "[{\"changed\": {\"fields\": [\"isSolved\", \"user_solved\"]}}]"
    }
},
{
    "model": "admin.logentry",
    "pk": 359,
    "fields": {
        "action_time": "2017-11-25T05:28:19.504Z",
        "user": [
            "prob_solv"
        ],
        "content_type": [
            "chat_ws",
            "room"
        ],
        "object_id": "2",
        "object_repr": "",
        "action_flag": 3,
        "change_message": ""
    }
},
{
    "model": "admin.logentry",
    "pk": 360,
    "fields": {
        "action_time": "2017-11-25T05:28:19.509Z",
        "user": [
            "prob_solv"
        ],
        "content_type": [
            "chat_ws",
            "room"
        ],
        "object_id": "1",
        "object_repr": "",
        "action_flag": 3,
        "change_message": ""
    }
},
{
    "model": "admin.logentry",
    "pk": 361,
    "fields": {
        "action_time": "2017-11-25T05:34:34.189Z",
        "user": [
            "prob_solv"
        ],
        "content_type": [
            "chat_ws",
            "room"
        ],
        "object_id": "3",
        "object_repr": "Nice one benny",
        "action_flag": 3,
        "change_message": ""
    }
},
{
    "model": "admin.logentry",
    "pk": 362,
    "fields": {
        "action_time": "2017-11-26T02:12:33.409Z",
        "user": [
            "prob_solv"
        ],
        "content_type": [
            "problems",
            "problem"
        ],
        "object_id": "1",
        "object_repr": "CSUMB",
        "action_flag": 1,
        "change_message": "[{\"added\": {}}]"
    }
},
{
    "model": "admin.logentry",
    "pk": 363,
    "fields": {
        "action_time": "2017-11-26T02:12:38.570Z",
        "user": [
            "prob_solv"
        ],
        "content_type": [
            "problems",
            "problem"
        ],
        "object_id": "2",
        "object_repr": "Hartnell",
        "action_flag": 1,
        "change_message": "[{\"added\": {}}]"
    }
},
{
    "model": "admin.logentry",
    "pk": 364,
    "fields": {
        "action_time": "2017-11-26T02:12:42.007Z",
        "user": [
            "prob_solv"
        ],
        "content_type": [
            "problems",
            "problem"
        ],
        "object_id": "3",
        "object_repr": "MPC",
        "action_flag": 1,
        "change_message": "[{\"added\": {}}]"
    }
},
{
    "model": "admin.logentry",
    "pk": 365,
    "fields": {
        "action_time": "2017-11-26T02:20:03.082Z",
        "user": [
            "prob_solv"
        ],
        "content_type": [
            "chat_ws",
            "usersconnected"
        ],
        "object_id": "6",
        "object_repr": "annoyednotebook",
        "action_flag": 2,
        "change_message": "[{\"changed\": {\"fields\": [\"organization\"]}}]"
    }
},
{
    "model": "admin.logentry",
    "pk": 366,
    "fields": {
        "action_time": "2017-11-26T02:20:07.661Z",
        "user": [
            "prob_solv"
        ],
        "content_type": [
            "chat_ws",
            "usersconnected"
        ],
        "object_id": "11",
        "object_repr": "Nigel",
        "action_flag": 2,
        "change_message": "[{\"changed\": {\"fields\": [\"organization\"]}}]"
    }
},
{
    "model": "admin.logentry",
    "pk": 367,
    "fields": {
        "action_time": "2017-11-26T02:20:11.168Z",
        "user": [
            "prob_solv"
        ],
        "content_type": [
            "chat_ws",
            "usersconnected"
        ],
        "object_id": "3",
        "object_repr": "first",
        "action_flag": 2,
        "change_message": "[{\"changed\": {\"fields\": [\"organization\"]}}]"
    }
},
{
    "model": "admin.logentry",
    "pk": 368,
    "fields": {
        "action_time": "2017-11-26T02:20:14.576Z",
        "user": [
            "prob_solv"
        ],
        "content_type": [
            "chat_ws",
            "usersconnected"
        ],
        "object_id": "2",
        "object_repr": "test_user",
        "action_flag": 2,
        "change_message": "[{\"changed\": {\"fields\": [\"organization\"]}}]"
    }
},
{
    "model": "admin.logentry",
    "pk": 369,
    "fields": {
        "action_time": "2017-11-26T02:20:22.389Z",
        "user": [
            "prob_solv"
        ],
        "content_type": [
            "chat_ws",
            "usersconnected"
        ],
        "object_id": "1",
        "object_repr": "prob_solv",
        "action_flag": 2,
        "change_message": "[{\"changed\": {\"fields\": [\"organization\"]}}]"
    }
},
{
    "model": "admin.logentry",
    "pk": 370,
    "fields": {
        "action_time": "2017-11-26T02:20:22.667Z",
        "user": [
            "prob_solv"
        ],
        "content_type": [
            "chat_ws",
            "usersconnected"
        ],
        "object_id": "1",
        "object_repr": "prob_solv",
        "action_flag": 2,
        "change_message": "[]"
    }
},
{
    "model": "admin.logentry",
    "pk": 371,
    "fields": {
        "action_time": "2017-11-26T02:20:28.336Z",
        "user": [
            "prob_solv"
        ],
        "content_type": [
            "chat_ws",
            "usersconnected"
        ],
        "object_id": "5",
        "object_repr": "concatstern",
        "action_flag": 2,
        "change_message": "[{\"changed\": {\"fields\": [\"organization\"]}}]"
    }
},
{
    "model": "admin.logentry",
    "pk": 372,
    "fields": {
        "action_time": "2017-11-26T02:20:38.216Z",
        "user": [
            "prob_solv"
        ],
        "content_type": [
            "chat_ws",
            "usersconnected"
        ],
        "object_id": "4",
        "object_repr": "second",
        "action_flag": 2,
        "change_message": "[{\"changed\": {\"fields\": [\"organization\"]}}]"
    }
},
{
    "model": "admin.logentry",
    "pk": 373,
    "fields": {
        "action_time": "2017-11-26T02:34:13.926Z",
        "user": [
            "prob_solv"
        ],
        "content_type": [
            "social_django",
            "code"
        ],
        "object_id": "12",
        "object_repr": "TonyTheTiger",
        "action_flag": 3,
        "change_message": ""
    }
},
{
    "model": "admin.logentry",
    "pk": 374,
    "fields": {
        "action_time": "2017-11-26T07:42:23.966Z",
        "user": [
            "prob_solv"
        ],
        "content_type": [
            "chat",
            "message"
        ],
        "object_id": "10",
        "object_repr": "Make interface more informative and easy to read",
        "action_flag": 2,
        "change_message": "[{\"changed\": {\"fields\": [\"image\"]}}]"
    }
},
{
    "model": "admin.logentry",
    "pk": 375,
    "fields": {
        "action_time": "2017-11-26T07:49:03.865Z",
        "user": [
            "prob_solv"
        ],
        "content_type": [
            "chat",
            "message"
        ],
        "object_id": "10",
        "object_repr": "Make interface more informative and easy to read",
        "action_flag": 2,
        "change_message": "[{\"changed\": {\"fields\": [\"image\"]}}]"
    }
},
{
    "model": "admin.logentry",
    "pk": 376,
    "fields": {
        "action_time": "2017-11-26T07:49:10.870Z",
        "user": [
            "prob_solv"
        ],
        "content_type": [
            "chat",
            "message"
        ],
        "object_id": "8",
        "object_repr": "Public Chat Room",
        "action_flag": 2,
        "change_message": "[{\"changed\": {\"fields\": [\"image\"]}}]"
    }
},
{
    "model": "admin.logentry",
    "pk": 377,
    "fields": {
        "action_time": "2017-11-26T20:51:30.750Z",
        "user": [
            "prob_solv"
        ],
        "content_type": [
            "social_django",
            "code"
        ],
        "object_id": "1",
        "object_repr": "prob_solv",
        "action_flag": 2,
        "change_message": "[{\"changed\": {\"fields\": [\"password\"]}}]"
    }
},
{
    "model": "admin.logentry",
    "pk": 378,
    "fields": {
        "action_time": "2017-11-26T21:14:53.569Z",
        "user": [
            "prob_solv"
        ],
        "content_type": [
            "chat_ws",
            "room"
        ],
        "object_id": "15",
        "object_repr": "DANGER DANGER",
        "action_flag": 3,
        "change_message": ""
    }
},
{
    "model": "admin.logentry",
    "pk": 379,
    "fields": {
        "action_time": "2017-11-26T21:14:53.576Z",
        "user": [
            "prob_solv"
        ],
        "content_type": [
            "chat_ws",
            "room"
        ],
        "object_id": "14",
        "object_repr": "WARNING WARNING",
        "action_flag": 3,
        "change_message": ""
    }
},
{
    "model": "admin.logentry",
    "pk": 380,
    "fields": {
        "action_time": "2017-11-26T21:24:50.047Z",
        "user": [
            "prob_solv"
        ],
        "content_type": [
            "pages",
            "greeting"
        ],
        "object_id": "7",
        "object_repr": "DANGER COMMENT",
        "action_flag": 3,
        "change_message": ""
    }
},
{
    "model": "admin.logentry",
    "pk": 381,
    "fields": {
        "action_time": "2017-11-26T21:25:57.495Z",
        "user": [
            "prob_solv"
        ],
        "content_type": [
            "chat",
            "message"
        ],
        "object_id": "7",
        "object_repr": "Aloha Overload",
        "action_flag": 2,
        "change_message": "[{\"changed\": {\"fields\": [\"isSolved\", \"user_solved\"]}}]"
    }
},
{
    "model": "admin.logentry",
    "pk": 382,
    "fields": {
        "action_time": "2017-12-03T20:40:15.321Z",
        "user": [
            "prob_solv"
        ],
        "content_type": [
            "chat_ws",
            "usersconnected"
        ],
        "object_id": "14",
        "object_repr": "mgorbea",
        "action_flag": 1,
        "change_message": "[{\"added\": {}}]"
    }
},
{
    "model": "social_django.usersocialauth",
    "pk": 1,
    "fields": {
        "user": [
            "mgorbea"
        ],
        "provider": "google-oauth2",
        "uid": "mgorbea@csumb.edu",
        "extra_data": "{\"expires\": 3600, \"token_type\": \"Bearer\", \"auth_time\": 1512333635, \"access_token\": \"ya29.GlsXBaYMK3zZ3jM9vgwVvW1MmAO27Pv2eLCKmyJBpVOCOdABGd6L0WgHi1SvWPjLRYpA6z7KW4Nhg6HG6M0Fd_vO-1gS-21QjiMICT4MYKRMj_oXMtUcndhX8Pgw\"}"
    }
},
{
    "model": "social_django.usersocialauth",
    "pk": 2,
    "fields": {
        "user": [
            "gwcmonterey"
        ],
        "provider": "google-oauth2",
        "uid": "gwcmonterey@gmail.com",
        "extra_data": "{\"expires\": 3600, \"token_type\": \"Bearer\", \"auth_time\": 1512334316, \"access_token\": \"ya29.GlsXBeMrFmyCm4QXMgk5GK7yFVEIGh5Ve5sc0fug7S0IfsjD3xKbFO0UrAgGVpClcOqhH57MKKe2ARASILWT0T1Olfm50VisLii_AqO0oINwrhjDCpcJ29dT3bp9\"}"
    }
},
{
    "model": "social_django.usersocialauth",
    "pk": 3,
    "fields": {
        "user": [
            "prob_solv"
        ],
        "provider": "google-oauth2",
        "uid": "nhardy@csumb.edu",
        "extra_data": "{\"expires\": 3599, \"token_type\": \"Bearer\", \"auth_time\": 1512335077, \"access_token\": \"ya29.GlsXBXsbsijEX8U8LAQqV11LDAiucaN0d1SHhdDN-dtuiXh75Ih3QN4J2mVsPw0AnAB3cStz2-aCn4jJKTTiwIFGswIRVCvmwHsOAM5mYG6rgM-H3bV6dkRc-EI3\"}"
    }
},
{
    "model": "social_django.usersocialauth",
    "pk": 4,
    "fields": {
        "user": [
            "manny42g"
        ],
        "provider": "google-oauth2",
        "uid": "manny42g@gmail.com",
        "extra_data": "{\"expires\": 3600, \"token_type\": \"Bearer\", \"auth_time\": 1512334781, \"access_token\": \"ya29.GlsXBb-yMuahYa_1AZgmc904RRfSbdBe0UHniNMtwNJ6iMO1dH2VYzT_5QPFEshi8SemrAC-1ZIyvOx85zl0Zr4H9r2U8eBz42-oaTPmV89zMEQLpHwZZCev77U0\"}"
    }
}
]
